,countyFIPS,year,HHCount
16100,1001,2020,21559.0
16101,1003,2020,84047.0
16102,1005,2020,9322.0
16103,1007,2020,7259.0
16104,1009,2020,21205.0
16105,1011,2020,3429.0
16106,1013,2020,6649.0
16107,1015,2020,44572.0
16108,1017,2020,13582.0
16109,1019,2020,10836.0
16110,1021,2020,17140.0
16111,1023,2020,5330.0
16112,1025,2020,9323.0
16113,1027,2020,5153.0
16114,1029,2020,5835.0
16115,1031,2020,19951.0
16116,1033,2020,21797.0
16117,1035,2020,4585.0
16118,1037,2020,4016.0
16119,1039,2020,14995.0
16120,1041,2020,5011.0
16121,1043,2020,31733.0
16122,1045,2020,19405.0
16123,1047,2020,15409.0
16124,1049,2020,26365.0
16125,1051,2020,29794.0
16126,1053,2020,12931.0
16127,1055,2020,38765.0
16128,1057,2020,6805.0
16129,1059,2020,11017.0
16130,1061,2020,10572.0
16131,1063,2020,3178.0
16132,1065,2020,5490.0
16133,1067,2020,6556.0
16134,1069,2020,39784.0
16135,1071,2020,20367.0
16136,1073,2020,263801.0
16137,1075,2020,5631.0
16138,1077,2020,38513.0
16139,1079,2020,12551.0
16140,1081,2020,60731.0
16141,1083,2020,32725.0
16142,1085,2020,4213.0
16143,1087,2020,7592.0
16144,1089,2020,151628.0
16145,1091,2020,7499.0
16146,1093,2020,11780.0
16147,1095,2020,35115.0
16148,1097,2020,157557.0
16149,1099,2020,8050.0
16150,1101,2020,89511.0
16151,1103,2020,46388.0
16152,1105,2020,3140.0
16153,1107,2020,7731.0
16154,1109,2020,11700.0
16155,1111,2020,8655.0
16156,1113,2020,23694.0
16157,1115,2020,32765.0
16158,1117,2020,80756.0
16159,1119,2020,5355.0
16160,1121,2020,31741.0
16161,1123,2020,16359.0
16162,1125,2020,74713.0
16163,1127,2020,25440.0
16164,1129,2020,5830.0
16165,1131,2020,3961.0
16166,1133,2020,9612.0
16167,2013,2020,988.0
16168,2016,2020,1306.0
16169,2020,2020,106970.0
16170,2050,2020,4499.0
16171,2060,2020,284.0
16172,2063,2020,2310.0
16173,2066,2020,1063.0
16174,2068,2020,726.0
16175,2070,2020,1430.0
16176,2090,2020,36199.0
16177,2100,2020,917.0
16178,2105,2020,755.0
16179,2110,2020,12878.0
16180,2122,2020,21781.0
16181,2130,2020,5299.0
16182,2150,2020,4231.0
16183,2158,2020,1750.0
16184,2164,2020,366.0
16185,2170,2020,31964.0
16186,2180,2020,2777.0
16187,2185,2020,1991.0
16188,2188,2020,1795.0
16189,2195,2020,1204.0
16190,2198,2020,2353.0
16191,2220,2020,3572.0
16192,2230,2020,411.0
16193,2240,2020,2287.0
16194,2275,2020,989.0
16195,2282,2020,221.0
16196,2290,2020,1857.0
16197,4001,2020,21505.0
16198,4003,2020,50917.0
16199,4005,2020,49016.0
16200,4007,2020,22523.0
16201,4009,2020,11348.0
16202,4011,2020,3295.0
16203,4012,2020,9928.0
16204,4013,2020,1596784.0
16205,4015,2020,90413.0
16206,4017,2020,36406.0
16207,4019,2020,410942.0
16208,4021,2020,148435.0
16209,4023,2020,16049.0
16210,4025,2020,101245.0
16211,4027,2020,74624.0
16212,5001,2020,7416.0
16213,5003,2020,7716.0
16214,5005,2020,18727.0
16215,5007,2020,99661.0
16216,5009,2020,15043.0
16217,5011,2020,4233.0
16218,5013,2020,1754.0
16219,5015,2020,11079.0
16220,5017,2020,4052.0
16221,5019,2020,8336.0
16222,5021,2020,6476.0
16223,5023,2020,10882.0
16224,5025,2020,3170.0
16225,5027,2020,8456.0
16226,5029,2020,8491.0
16227,5031,2020,42203.0
16228,5033,2020,24065.0
16229,5035,2020,19021.0
16230,5037,2020,6568.0
16231,5039,2020,2992.0
16232,5041,2020,5059.0
16233,5043,2020,7207.0
16234,5045,2020,45091.0
16235,5047,2020,6671.0
16236,5049,2020,5014.0
16237,5051,2020,40906.0
16238,5053,2020,7049.0
16239,5055,2020,17587.0
16240,5057,2020,8100.0
16241,5059,2020,12515.0
16242,5061,2020,5271.0
16243,5063,2020,14325.0
16244,5065,2020,4911.0
16245,5067,2020,6241.0
16246,5069,2020,26630.0
16247,5071,2020,9792.0
16248,5073,2020,2898.0
16249,5075,2020,6584.0
16250,5077,2020,3202.0
16251,5079,2020,3598.0
16252,5081,2020,5292.0
16253,5083,2020,8359.0
16254,5085,2020,27218.0
16255,5087,2020,6045.0
16256,5089,2020,6918.0
16257,5091,2020,16237.0
16258,5093,2020,16623.0
16259,5095,2020,3234.0
16260,5097,2020,3706.0
16261,5099,2020,3188.0
16262,5101,2020,2996.0
16263,5103,2020,9487.0
16264,5105,2020,3700.0
16265,5107,2020,7561.0
16266,5109,2020,4215.0
16267,5111,2020,9567.0
16268,5113,2020,8114.0
16269,5115,2020,22863.0
16270,5117,2020,3755.0
16271,5119,2020,161652.0
16272,5121,2020,7294.0
16273,5123,2020,9313.0
16274,5125,2020,45098.0
16275,5127,2020,4114.0
16276,5129,2020,3235.0
16277,5131,2020,52026.0
16278,5133,2020,5690.0
16279,5135,2020,7315.0
16280,5137,2020,4866.0
16281,5139,2020,15855.0
16282,5141,2020,7220.0
16283,5143,2020,89094.0
16284,5145,2020,28903.0
16285,5147,2020,3002.0
16286,5149,2020,7797.0
16287,6001,2020,573174.0
16288,6003,2020,397.0
16289,6005,2020,14844.0
16290,6007,2020,83879.0
16291,6009,2020,16958.0
16292,6011,2020,7329.0
16293,6013,2020,398299.0
16294,6015,2020,9805.0
16295,6017,2020,73078.0
16296,6019,2020,310097.0
16297,6021,2020,10216.0
16298,6023,2020,54120.0
16299,6025,2020,45768.0
16300,6027,2020,7954.0
16301,6029,2020,273556.0
16302,6031,2020,43604.0
16303,6033,2020,25508.0
16304,6035,2020,9172.0
16305,6037,2020,3332504.0
16306,6039,2020,44479.0
16307,6041,2020,104900.0
16308,6043,2020,7846.0
16309,6045,2020,34164.0
16310,6047,2020,81306.0
16311,6049,2020,3594.0
16312,6051,2020,5196.0
16313,6053,2020,128003.0
16314,6055,2020,48484.0
16315,6057,2020,40917.0
16316,6059,2020,1040001.0
16317,6061,2020,145714.0
16318,6063,2020,8332.0
16319,6065,2020,736413.0
16320,6067,2020,547519.0
16321,6069,2020,18389.0
16322,6071,2020,640090.0
16323,6073,2020,1130703.0
16324,6075,2020,362141.0
16325,6077,2020,231092.0
16326,6079,2020,106244.0
16327,6081,2020,263351.0
16328,6083,2020,148309.0
16329,6085,2020,635314.0
16330,6087,2020,96275.0
16331,6089,2020,70845.0
16332,6091,2020,1250.0
16333,6093,2020,19195.0
16334,6095,2020,151191.0
16335,6097,2020,188958.0
16336,6099,2020,174826.0
16337,6101,2020,32586.0
16338,6103,2020,24661.0
16339,6105,2020,5896.0
16340,6107,2020,139044.0
16341,6109,2020,22937.0
16342,6111,2020,271639.0
16343,6113,2020,74614.0
16344,6115,2020,26434.0
16345,8001,2020,167290.0
16346,8003,2020,6240.0
16347,8005,2020,241889.0
16348,8007,2020,5736.0
16349,8009,2020,1728.0
16350,8011,2020,1879.0
16351,8013,2020,127365.0
16352,8014,2020,27199.0
16353,8015,2020,8650.0
16354,8017,2020,804.0
16355,8019,2020,4378.0
16356,8021,2020,3222.0
16357,8023,2020,1620.0
16358,8025,2020,1421.0
16359,8027,2020,2310.0
16360,8029,2020,12277.0
16361,8031,2020,287756.0
16362,8033,2020,930.0
16363,8035,2020,121492.0
16364,8037,2020,18667.0
16365,8039,2020,8816.0
16366,8041,2020,262780.0
16367,8043,2020,17449.0
16368,8045,2020,21586.0
16369,8047,2020,2860.0
16370,8049,2020,6315.0
16371,8051,2020,6824.0
16372,8053,2020,376.0
16373,8055,2020,3057.0
16374,8057,2020,635.0
16375,8059,2020,229007.0
16376,8061,2020,615.0
16377,8063,2020,3020.0
16378,8065,2020,3275.0
16379,8067,2020,21370.0
16380,8069,2020,134185.0
16381,8071,2020,6750.0
16382,8073,2020,1513.0
16383,8075,2020,8301.0
16384,8077,2020,59750.0
16385,8079,2020,394.0
16386,8081,2020,5218.0
16387,8083,2020,10521.0
16388,8085,2020,17483.0
16389,8087,2020,10863.0
16390,8089,2020,7761.0
16391,8091,2020,2259.0
16392,8093,2020,6987.0
16393,8095,2020,1737.0
16394,8097,2020,7424.0
16395,8099,2020,4900.0
16396,8101,2020,65206.0
16397,8103,2020,2513.0
16398,8105,2020,4737.0
16399,8107,2020,10100.0
16400,8109,2020,2803.0
16401,8111,2020,297.0
16402,8113,2020,3604.0
16403,8115,2020,954.0
16404,8117,2020,11609.0
16405,8119,2020,10460.0
16406,8121,2020,2081.0
16407,8123,2020,102046.0
16408,8125,2020,4108.0
16409,9001,2020,345070.0
16410,9003,2020,353653.0
16411,9005,2020,74902.0
16412,9007,2020,67765.0
16413,9009,2020,332765.0
16414,9011,2020,109616.0
16415,9013,2020,56077.0
16416,9015,2020,45589.0
16417,10001,2020,67299.0
16418,10003,2020,209431.0
16419,10005,2020,94223.0
16420,11001,2020,288307.0
16421,12001,2020,101979.0
16422,12003,2020,8828.0
16423,12005,2020,73536.0
16424,12007,2020,9318.0
16425,12009,2020,236005.0
16426,12011,2020,704942.0
16427,12013,2020,4510.0
16428,12015,2020,79789.0
16429,12017,2020,64621.0
16430,12019,2020,75360.0
16431,12021,2020,147977.0
16432,12023,2020,25205.0
16433,12027,2020,12421.0
16434,12029,2020,6233.0
16435,12031,2020,369704.0
16436,12033,2020,122169.0
16437,12035,2020,44040.0
16438,12037,2020,4691.0
16439,12039,2020,17307.0
16440,12041,2020,6701.0
16441,12043,2020,4859.0
16442,12045,2020,5897.0
16443,12047,2020,4385.0
16444,12049,2020,7991.0
16445,12051,2020,12878.0
16446,12053,2020,76708.0
16447,12055,2020,42721.0
16448,12057,2020,539919.0
16449,12059,2020,7137.0
16450,12061,2020,60959.0
16451,12063,2020,17533.0
16452,12065,2020,5643.0
16453,12067,2020,2315.0
16454,12069,2020,137446.0
16455,12071,2020,288916.0
16456,12073,2020,116530.0
16457,12075,2020,16971.0
16458,12077,2020,2513.0
16459,12079,2020,6891.0
16460,12081,2020,150345.0
16461,12083,2020,145863.0
16462,12085,2020,64870.0
16463,12086,2020,902200.0
16464,12087,2020,32794.0
16465,12089,2020,33475.0
16466,12091,2020,79235.0
16467,12093,2020,14601.0
16468,12095,2020,468075.0
16469,12097,2020,109642.0
16470,12099,2020,565598.0
16471,12101,2020,209483.0
16472,12103,2020,413239.0
16473,12105,2020,240879.0
16474,12107,2020,29822.0
16475,12109,2020,91253.0
16476,12111,2020,118527.0
16477,12113,2020,65697.0
16478,12115,2020,189228.0
16479,12117,2020,178094.0
16480,12119,2020,59076.0
16481,12121,2020,15149.0
16482,12123,2020,7172.0
16483,12125,2020,4008.0
16484,12127,2020,220386.0
16485,12129,2020,11382.0
16486,12131,2020,28635.0
16487,12133,2020,9037.0
16488,13001,2020,6650.0
16489,13003,2020,2953.0
16490,13005,2020,3743.0
16491,13007,2020,1448.0
16492,13009,2020,16698.0
16493,13011,2020,6941.0
16494,13013,2020,27268.0
16495,13015,2020,37905.0
16496,13017,2020,6612.0
16497,13019,2020,7391.0
16498,13021,2020,58154.0
16499,13023,2020,4250.0
16500,13025,2020,6763.0
16501,13027,2020,6392.0
16502,13029,2020,13503.0
16503,13031,2020,27967.0
16504,13033,2020,7953.0
16505,13035,2020,8342.0
16506,13037,2020,1726.0
16507,13039,2020,19746.0
16508,13043,2020,4042.0
16509,13045,2020,42196.0
16510,13047,2020,25151.0
16511,13049,2020,3826.0
16512,13051,2020,109868.0
16513,13053,2020,2550.0
16514,13055,2020,9106.0
16515,13057,2020,90372.0
16516,13059,2020,50284.0
16517,13061,2020,1313.0
16518,13063,2020,96826.0
16519,13065,2020,2387.0
16520,13067,2020,283359.0
16521,13069,2020,14832.0
16522,13071,2020,15865.0
16523,13073,2020,48233.0
16524,13075,2020,6202.0
16525,13077,2020,53104.0
16526,13079,2020,4573.0
16527,13081,2020,8479.0
16528,13083,2020,6155.0
16529,13085,2020,9521.0
16530,13087,2020,9684.0
16531,13089,2020,283799.0
16532,13091,2020,7530.0
16533,13093,2020,4979.0
16534,13095,2020,34233.0
16535,13097,2020,49788.0
16536,13099,2020,4196.0
16537,13101,2020,1497.0
16538,13103,2020,21828.0
16539,13105,2020,7695.0
16540,13107,2020,8273.0
16541,13109,2020,4006.0
16542,13111,2020,11174.0
16543,13113,2020,40792.0
16544,13115,2020,36192.0
16545,13117,2020,80319.0
16546,13119,2020,8425.0
16547,13121,2020,427379.0
16548,13123,2020,12423.0
16549,13125,2020,1118.0
16550,13127,2020,34191.0
16551,13129,2020,20446.0
16552,13131,2020,9116.0
16553,13133,2020,7371.0
16554,13135,2020,299683.0
16555,13137,2020,15258.0
16556,13139,2020,65555.0
16557,13141,2020,3072.0
16558,13143,2020,11454.0
16559,13145,2020,12429.0
16560,13147,2020,10271.0
16561,13149,2020,4649.0
16562,13151,2020,78204.0
16563,13153,2020,58042.0
16564,13155,2020,3477.0
16565,13157,2020,24268.0
16566,13159,2020,5326.0
16567,13161,2020,5139.0
16568,13163,2020,5583.0
16569,13165,2020,3392.0
16570,13167,2020,3483.0
16571,13169,2020,10914.0
16572,13171,2020,6658.0
16573,13173,2020,3825.0
16574,13175,2020,17159.0
16575,13177,2020,10550.0
16576,13179,2020,24053.0
16577,13181,2020,3277.0
16578,13183,2020,6006.0
16579,13185,2020,42755.0
16580,13187,2020,11866.0
16581,13189,2020,8238.0
16582,13191,2020,6343.0
16583,13193,2020,4648.0
16584,13195,2020,10622.0
16585,13197,2020,3423.0
16586,13199,2020,8255.0
16587,13201,2020,2339.0
16588,13205,2020,8018.0
16589,13207,2020,10177.0
16590,13209,2020,3061.0
16591,13211,2020,7040.0
16592,13213,2020,14520.0
16593,13215,2020,73648.0
16594,13217,2020,37543.0
16595,13219,2020,13773.0
16596,13221,2020,5477.0
16597,13223,2020,54993.0
16598,13225,2020,10215.0
16599,13227,2020,12129.0
16600,13229,2020,7178.0
16601,13231,2020,6163.0
16602,13233,2020,15425.0
16603,13235,2020,3803.0
16604,13237,2020,9457.0
16605,13239,2020,958.0
16606,13241,2020,7022.0
16607,13243,2020,2704.0
16608,13245,2020,72526.0
16609,13247,2020,31465.0
16610,13249,2020,1861.0
16611,13251,2020,4939.0
16612,13253,2020,3364.0
16613,13255,2020,25693.0
16614,13257,2020,9977.0
16615,13259,2020,1845.0
16616,13261,2020,11419.0
16617,13263,2020,2891.0
16618,13265,2020,662.0
16619,13267,2020,8345.0
16620,13269,2020,3623.0
16621,13271,2020,4481.0
16622,13273,2020,3355.0
16623,13275,2020,17750.0
16624,13277,2020,14868.0
16625,13279,2020,9792.0
16626,13281,2020,5006.0
16627,13283,2020,2395.0
16628,13285,2020,24982.0
16629,13287,2020,3208.0
16630,13289,2020,3080.0
16631,13291,2020,10231.0
16632,13293,2020,10399.0
16633,13295,2020,26306.0
16634,13297,2020,32094.0
16635,13299,2020,13657.0
16636,13301,2020,2261.0
16637,13303,2020,7719.0
16638,13305,2020,10479.0
16639,13307,2020,1115.0
16640,13309,2020,1774.0
16641,13311,2020,11727.0
16642,13313,2020,36412.0
16643,13315,2020,2542.0
16644,13317,2020,4115.0
16645,13319,2020,3301.0
16646,13321,2020,7982.0
16647,15001,2020,71747.0
16648,15003,2020,316928.0
16649,15005,2020,306.0
16650,15007,2020,23331.0
16651,15009,2020,55620.0
16652,16001,2020,179708.0
16653,16003,2020,1726.0
16654,16005,2020,31669.0
16655,16007,2020,2455.0
16656,16009,2020,3564.0
16657,16011,2020,15612.0
16658,16013,2020,8318.0
16659,16015,2020,3351.0
16660,16017,2020,17998.0
16661,16019,2020,40946.0
16662,16021,2020,4596.0
16663,16023,2020,966.0
16664,16025,2020,391.0
16665,16027,2020,75494.0
16666,16029,2020,2562.0
16667,16031,2020,7832.0
16668,16033,2020,332.0
16669,16035,2020,3547.0
16670,16037,2020,1889.0
16671,16039,2020,10885.0
16672,16041,2020,4432.0
16673,16043,2020,4464.0
16674,16045,2020,6822.0
16675,16047,2020,5615.0
16676,16049,2020,6462.0
16677,16051,2020,8825.0
16678,16053,2020,8004.0
16679,16055,2020,64475.0
16680,16057,2020,15737.0
16681,16059,2020,3717.0
16682,16061,2020,1649.0
16683,16063,2020,1804.0
16684,16065,2020,11858.0
16685,16067,2020,7456.0
16686,16069,2020,16548.0
16687,16071,2020,1715.0
16688,16073,2020,4429.0
16689,16075,2020,9086.0
16690,16077,2020,2693.0
16691,16079,2020,5436.0
16692,16081,2020,4290.0
16693,16083,2020,31758.0
16694,16085,2020,3920.0
16695,16087,2020,4263.0
16696,17001,2020,27199.0
16697,17003,2020,2252.0
16698,17005,2020,6359.0
16699,17007,2020,18799.0
16700,17009,2020,2090.0
16701,17011,2020,13801.0
16702,17013,2020,1661.0
16703,17015,2020,6511.0
16704,17017,2020,5068.0
16705,17019,2020,83059.0
16706,17021,2020,13977.0
16707,17023,2020,6726.0
16708,17025,2020,5607.0
16709,17027,2020,14596.0
16710,17029,2020,20972.0
16711,17031,2020,1991474.0
16712,17033,2020,7704.0
16713,17035,2020,4229.0
16714,17037,2020,38616.0
16715,17039,2020,6732.0
16716,17041,2020,7600.0
16717,17043,2020,344314.0
16718,17045,2020,7851.0
16719,17047,2020,2756.0
16720,17049,2020,13856.0
16721,17051,2020,7918.0
16722,17053,2020,5824.0
16723,17055,2020,16207.0
16724,17057,2020,14072.0
16725,17059,2020,2274.0
16726,17061,2020,4984.0
16727,17063,2020,20071.0
16728,17065,2020,3366.0
16729,17067,2020,7542.0
16730,17069,2020,1515.0
16731,17071,2020,3028.0
16732,17073,2020,19996.0
16733,17075,2020,11845.0
16734,17077,2020,24208.0
16735,17079,2020,3791.0
16736,17081,2020,14792.0
16737,17083,2020,8158.0
16738,17085,2020,10069.0
16739,17087,2020,4174.0
16740,17089,2020,181845.0
16741,17091,2020,40297.0
16742,17093,2020,41398.0
16743,17095,2020,20428.0
16744,17097,2020,248684.0
16745,17099,2020,45089.0
16746,17101,2020,6166.0
16747,17103,2020,13634.0
16748,17105,2020,14366.0
16749,17107,2020,10958.0
16750,17109,2020,11573.0
16751,17111,2020,113269.0
16752,17113,2020,66225.0
16753,17115,2020,43810.0
16754,17117,2020,18577.0
16755,17119,2020,108429.0
16756,17121,2020,16126.0
16757,17123,2020,4922.0
16758,17125,2020,5917.0
16759,17127,2020,5619.0
16760,17129,2020,5211.0
16761,17131,2020,6477.0
16762,17133,2020,13576.0
16763,17135,2020,11619.0
16764,17137,2020,13560.0
16765,17139,2020,6043.0
16766,17141,2020,20967.0
16767,17143,2020,73519.0
16768,17145,2020,8504.0
16769,17147,2020,6755.0
16770,17149,2020,6258.0
16771,17151,2020,1618.0
16772,17153,2020,2050.0
16773,17155,2020,2435.0
16774,17157,2020,12047.0
16775,17159,2020,6527.0
16776,17161,2020,60607.0
16777,17163,2020,104631.0
16778,17165,2020,10140.0
16779,17167,2020,84093.0
16780,17169,2020,2730.0
16781,17171,2020,1973.0
16782,17173,2020,9158.0
16783,17175,2020,2304.0
16784,17177,2020,19741.0
16785,17179,2020,53997.0
16786,17181,2020,6813.0
16787,17183,2020,31013.0
16788,17185,2020,4780.0
16789,17187,2020,6789.0
16790,17189,2020,6020.0
16791,17191,2020,7114.0
16792,17193,2020,6040.0
16793,17195,2020,23225.0
16794,17197,2020,232395.0
16795,17199,2020,27937.0
16796,17201,2020,115768.0
16797,17203,2020,14652.0
16798,18001,2020,12512.0
16799,18003,2020,147043.0
16800,18005,2020,31772.0
16801,18007,2020,3435.0
16802,18009,2020,5105.0
16803,18011,2020,25822.0
16804,18013,2020,6372.0
16805,18015,2020,8123.0
16806,18017,2020,14950.0
16807,18019,2020,45024.0
16808,18021,2020,10454.0
16809,18023,2020,12144.0
16810,18025,2020,4117.0
16811,18027,2020,11354.0
16812,18029,2020,19279.0
16813,18031,2020,10241.0
16814,18033,2020,16904.0
16815,18035,2020,46632.0
16816,18037,2020,16691.0
16817,18039,2020,72362.0
16818,18041,2020,9686.0
16819,18043,2020,29264.0
16820,18045,2020,6982.0
16821,18047,2020,8867.0
16822,18049,2020,7840.0
16823,18051,2020,13551.0
16824,18053,2020,26896.0
16825,18055,2020,12988.0
16826,18057,2020,123066.0
16827,18059,2020,29627.0
16828,18061,2020,14534.0
16829,18063,2020,60307.0
16830,18065,2020,18387.0
16831,18067,2020,34632.0
16832,18069,2020,14790.0
16833,18071,2020,16923.0
16834,18073,2020,12676.0
16835,18075,2020,8293.0
16836,18077,2020,12833.0
16837,18079,2020,10776.0
16838,18081,2020,57872.0
16839,18083,2020,15186.0
16840,18085,2020,31462.0
16841,18087,2020,12547.0
16842,18089,2020,188646.0
16843,18091,2020,42725.0
16844,18093,2020,18968.0
16845,18095,2020,51276.0
16846,18097,2020,377695.0
16847,18099,2020,17430.0
16848,18101,2020,4095.0
16849,18103,2020,13531.0
16850,18105,2020,56399.0
16851,18107,2020,15618.0
16852,18109,2020,26460.0
16853,18111,2020,5599.0
16854,18113,2020,18133.0
16855,18115,2020,2623.0
16856,18117,2020,7988.0
16857,18119,2020,8830.0
16858,18121,2020,6005.0
16859,18123,2020,7713.0
16860,18125,2020,5294.0
16861,18127,2020,65153.0
16862,18129,2020,10361.0
16863,18131,2020,5113.0
16864,18133,2020,13651.0
16865,18135,2020,10358.0
16866,18137,2020,11243.0
16867,18139,2020,6648.0
16868,18141,2020,104380.0
16869,18143,2020,9228.0
16870,18145,2020,17902.0
16871,18147,2020,8321.0
16872,18149,2020,8490.0
16873,18151,2020,14449.0
16874,18153,2020,7806.0
16875,18155,2020,4430.0
16876,18157,2020,71686.0
16877,18159,2020,6360.0
16878,18161,2020,2848.0
16879,18163,2020,76094.0
16880,18165,2020,6557.0
16881,18167,2020,42657.0
16882,18169,2020,12705.0
16883,18171,2020,3383.0
16884,18173,2020,24607.0
16885,18175,2020,10820.0
16886,18177,2020,27435.0
16887,18179,2020,11122.0
16888,18181,2020,9792.0
16889,18183,2020,13822.0
16890,19001,2020,3217.0
16891,19003,2020,1627.0
16892,19005,2020,5947.0
16893,19007,2020,5196.0
16894,19009,2020,2691.0
16895,19011,2020,10306.0
16896,19013,2020,53321.0
16897,19015,2020,10801.0
16898,19017,2020,9680.0
16899,19019,2020,8027.0
16900,19021,2020,7584.0
16901,19023,2020,6153.0
16902,19025,2020,4103.0
16903,19027,2020,8651.0
16904,19029,2020,5901.0
16905,19031,2020,7472.0
16906,19033,2020,19452.0
16907,19035,2020,5297.0
16908,19037,2020,5107.0
16909,19039,2020,3950.0
16910,19041,2020,7381.0
16911,19043,2020,7563.0
16912,19045,2020,19477.0
16913,19047,2020,6388.0
16914,19049,2020,35383.0
16915,19051,2020,3182.0
16916,19053,2020,3242.0
16917,19055,2020,6915.0
16918,19057,2020,16850.0
16919,19059,2020,8479.0
16920,19061,2020,38655.0
16921,19063,2020,4023.0
16922,19065,2020,8215.0
16923,19067,2020,6899.0
16924,19069,2020,4195.0
16925,19071,2020,2952.0
16926,19073,2020,4037.0
16927,19075,2020,5164.0
16928,19077,2020,4478.0
16929,19079,2020,6122.0
16930,19081,2020,4787.0
16931,19083,2020,7185.0
16932,19085,2020,6094.0
16933,19087,2020,7591.0
16934,19089,2020,3754.0
16935,19091,2020,4195.0
16936,19093,2020,2972.0
16937,19095,2020,6646.0
16938,19097,2020,8183.0
16939,19099,2020,14644.0
16940,19101,2020,6855.0
16941,19103,2020,60430.0
16942,19105,2020,8186.0
16943,19107,2020,4330.0
16944,19109,2020,6575.0
16945,19111,2020,14338.0
16946,19113,2020,91304.0
16947,19115,2020,4343.0
16948,19117,2020,3718.0
16949,19119,2020,4593.0
16950,19121,2020,6619.0
16951,19123,2020,8947.0
16952,19125,2020,13532.0
16953,19127,2020,15388.0
16954,19129,2020,5442.0
16955,19131,2020,4472.0
16956,19133,2020,3988.0
16957,19135,2020,3243.0
16958,19137,2020,4479.0
16959,19139,2020,16543.0
16960,19141,2020,5976.0
16961,19143,2020,2664.0
16962,19145,2020,6414.0
16963,19147,2020,3712.0
16964,19149,2020,10298.0
16965,19151,2020,3127.0
16966,19153,2020,191125.0
16967,19155,2020,36875.0
16968,19157,2020,7827.0
16969,19159,2020,1843.0
16970,19161,2020,4344.0
16971,19163,2020,67437.0
16972,19165,2020,5066.0
16973,19167,2020,12379.0
16974,19169,2020,37997.0
16975,19171,2020,6736.0
16976,19173,2020,2567.0
16977,19175,2020,5199.0
16978,19177,2020,2969.0
16979,19179,2020,14404.0
16980,19181,2020,19320.0
16981,19183,2020,8876.0
16982,19185,2020,2620.0
16983,19187,2020,15605.0
16984,19189,2020,4533.0
16985,19191,2020,8265.0
16986,19193,2020,39523.0
16987,19195,2020,3199.0
16988,19197,2020,5582.0
16989,20001,2020,5125.0
16990,20003,2020,3154.0
16991,20005,2020,6039.0
16992,20007,2020,1931.0
16993,20009,2020,10628.0
16994,20011,2020,5921.0
16995,20013,2020,3757.0
16996,20015,2020,24833.0
16997,20017,2020,1082.0
16998,20019,2020,1418.0
16999,20021,2020,7954.0
17000,20023,2020,1263.0
17001,20025,2020,890.0
17002,20027,2020,3741.0
17003,20029,2020,3641.0
17004,20031,2020,3648.0
17005,20033,2020,818.0
17006,20035,2020,13800.0
17007,20037,2020,15603.0
17008,20039,2020,1414.0
17009,20041,2020,7933.0
17010,20043,2020,3003.0
17011,20045,2020,47972.0
17012,20047,2020,1285.0
17013,20049,2020,1150.0
17014,20051,2020,11686.0
17015,20053,2020,2390.0
17016,20055,2020,12494.0
17017,20057,2020,11237.0
17018,20059,2020,10190.0
17019,20061,2020,12866.0
17020,20063,2020,1260.0
17021,20065,2020,1252.0
17022,20067,2020,2561.0
17023,20069,2020,2150.0
17024,20071,2020,491.0
17025,20073,2020,2695.0
17026,20075,2020,818.0
17027,20077,2020,2367.0
17028,20079,2020,13396.0
17029,20081,2020,1401.0
17030,20083,2020,790.0
17031,20085,2020,5429.0
17032,20087,2020,7619.0
17033,20089,2020,1386.0
17034,20091,2020,233599.0
17035,20093,2020,1270.0
17036,20095,2020,3253.0
17037,20097,2020,975.0
17038,20099,2020,8270.0
17039,20101,2020,737.0
17040,20103,2020,27645.0
17041,20105,2020,1305.0
17042,20107,2020,4509.0
17043,20109,2020,1144.0
17044,20111,2020,13561.0
17045,20113,2020,12479.0
17046,20115,2020,4838.0
17047,20117,2020,4128.0
17048,20119,2020,1715.0
17049,20121,2020,13000.0
17050,20123,2020,2593.0
17051,20125,2020,13767.0
17052,20127,2020,2344.0
17053,20129,2020,1036.0
17054,20131,2020,4069.0
17055,20133,2020,6462.0
17056,20135,2020,1260.0
17057,20137,2020,1865.0
17058,20139,2020,6624.0
17059,20141,2020,1687.0
17060,20143,2020,2433.0
17061,20145,2020,2447.0
17062,20147,2020,2406.0
17063,20149,2020,8883.0
17064,20151,2020,3733.0
17065,20153,2020,1169.0
17066,20155,2020,24970.0
17067,20157,2020,2176.0
17068,20159,2020,3939.0
17069,20161,2020,26878.0
17070,20163,2020,2167.0
17071,20165,2020,1448.0
17072,20167,2020,3005.0
17073,20169,2020,22251.0
17074,20171,2020,2062.0
17075,20173,2020,199320.0
17076,20175,2020,7183.0
17077,20177,2020,72962.0
17078,20179,2020,1080.0
17079,20181,2020,2569.0
17080,20183,2020,1664.0
17081,20185,2020,1758.0
17082,20187,2020,850.0
17083,20189,2020,1770.0
17084,20191,2020,9462.0
17085,20193,2020,3294.0
17086,20195,2020,1353.0
17087,20197,2020,2722.0
17088,20199,2020,651.0
17089,20201,2020,2412.0
17090,20203,2020,935.0
17091,20205,2020,3627.0
17092,20207,2020,1390.0
17093,20209,2020,60400.0
17094,21001,2020,6991.0
17095,21003,2020,7816.0
17096,21005,2020,8757.0
17097,21007,2020,3052.0
17098,21009,2020,17392.0
17099,21011,2020,4885.0
17100,21013,2020,10504.0
17101,21015,2020,47391.0
17102,21017,2020,7990.0
17103,21019,2020,18213.0
17104,21021,2020,11079.0
17105,21023,2020,3197.0
17106,21025,2020,5281.0
17107,21027,2020,7731.0
17108,21029,2020,29940.0
17109,21031,2020,4823.0
17110,21033,2020,5215.0
17111,21035,2020,15492.0
17112,21037,2020,37197.0
17113,21039,2020,1925.0
17114,21041,2020,4176.0
17115,21043,2020,9624.0
17116,21045,2020,6048.0
17117,21047,2020,26097.0
17118,21049,2020,14576.0
17119,21051,2020,7432.0
17120,21053,2020,4023.0
17121,21055,2020,3588.0
17122,21057,2020,2642.0
17123,21059,2020,40229.0
17124,21061,2020,5028.0
17125,21063,2020,2412.0
17126,21065,2020,5640.0
17127,21067,2020,130926.0
17128,21069,2020,5890.0
17129,21071,2020,14700.0
17130,21073,2020,21278.0
17131,21075,2020,2550.0
17132,21077,2020,3088.0
17133,21079,2020,6779.0
17134,21081,2020,9210.0
17135,21083,2020,14402.0
17136,21085,2020,9753.0
17137,21087,2020,4440.0
17138,21089,2020,14314.0
17139,21091,2020,3364.0
17140,21093,2020,42059.0
17141,21095,2020,10745.0
17142,21097,2020,7474.0
17143,21099,2020,7256.0
17144,21101,2020,18762.0
17145,21103,2020,6154.0
17146,21105,2020,1724.0
17147,21107,2020,18619.0
17148,21109,2020,5417.0
17149,21111,2020,316411.0
17150,21113,2020,18888.0
17151,21115,2020,8528.0
17152,21117,2020,64544.0
17153,21119,2020,6319.0
17154,21121,2020,12075.0
17155,21123,2020,5779.0
17156,21125,2020,22665.0
17157,21127,2020,5583.0
17158,21129,2020,2884.0
17159,21131,2020,4156.0
17160,21133,2020,9599.0
17161,21135,2020,5226.0
17162,21137,2020,9677.0
17163,21139,2020,3803.0
17164,21141,2020,10459.0
17165,21143,2020,3266.0
17166,21145,2020,27787.0
17167,21147,2020,6187.0
17168,21149,2020,3747.0
17169,21151,2020,33876.0
17170,21153,2020,4989.0
17171,21155,2020,7433.0
17172,21157,2020,13119.0
17173,21159,2020,4045.0
17174,21161,2020,6523.0
17175,21163,2020,10690.0
17176,21165,2020,2464.0
17177,21167,2020,8718.0
17178,21169,2020,4187.0
17179,21171,2020,4533.0
17180,21173,2020,10653.0
17181,21175,2020,4796.0
17182,21177,2020,11539.0
17183,21179,2020,17991.0
17184,21181,2020,2714.0
17185,21183,2020,9226.0
17186,21185,2020,21259.0
17187,21187,2020,4246.0
17188,21189,2020,1655.0
17189,21191,2020,5250.0
17190,21193,2020,11334.0
17191,21195,2020,25506.0
17192,21197,2020,4698.0
17193,21199,2020,25572.0
17194,21201,2020,859.0
17195,21203,2020,6609.0
17196,21205,2020,8747.0
17197,21207,2020,7122.0
17198,21209,2020,21186.0
17199,21211,2020,16801.0
17200,21213,2020,7181.0
17201,21215,2020,6899.0
17202,21217,2020,9659.0
17203,21219,2020,4655.0
17204,21221,2020,5916.0
17205,21223,2020,3398.0
17206,21225,2020,5176.0
17207,21227,2020,49880.0
17208,21229,2020,4702.0
17209,21231,2020,8298.0
17210,21233,2020,5001.0
17211,21235,2020,12685.0
17212,21237,2020,2991.0
17213,21239,2020,10399.0
17214,22001,2020,22598.0
17215,22003,2020,8137.0
17216,22005,2020,44029.0
17217,22007,2020,8941.0
17218,22009,2020,15217.0
17219,22011,2020,13812.0
17220,22013,2020,5855.0
17221,22015,2020,49600.0
17222,22017,2020,96043.0
17223,22019,2020,78427.0
17224,22021,2020,3899.0
17225,22023,2020,2902.0
17226,22025,2020,3394.0
17227,22027,2020,5808.0
17228,22029,2020,6694.0
17229,22031,2020,10951.0
17230,22033,2020,164641.0
17231,22035,2020,1688.0
17232,22037,2020,7010.0
17233,22039,2020,12393.0
17234,22041,2020,7503.0
17235,22043,2020,7054.0
17236,22045,2020,26776.0
17237,22047,2020,11105.0
17238,22049,2020,5859.0
17239,22051,2020,170398.0
17240,22053,2020,11565.0
17241,22055,2020,92476.0
17242,22057,2020,36645.0
17243,22059,2020,4868.0
17244,22061,2020,17861.0
17245,22063,2020,48690.0
17246,22065,2020,3729.0
17247,22067,2020,9738.0
17248,22069,2020,14324.0
17249,22071,2020,154826.0
17250,22073,2020,56956.0
17251,22075,2020,8600.0
17252,22077,2020,9056.0
17253,22079,2020,49075.0
17254,22081,2020,3282.0
17255,22083,2020,7563.0
17256,22085,2020,9370.0
17257,22087,2020,15165.0
17258,22089,2020,19308.0
17259,22091,2020,3885.0
17260,22093,2020,7907.0
17261,22095,2020,15251.0
17262,22097,2020,30496.0
17263,22099,2020,19655.0
17264,22101,2020,19633.0
17265,22103,2020,95054.0
17266,22105,2020,48548.0
17267,22107,2020,1814.0
17268,22109,2020,40374.0
17269,22111,2020,8399.0
17270,22113,2020,22180.0
17271,22115,2020,17516.0
17272,22117,2020,17794.0
17273,22119,2020,16320.0
17274,22121,2020,9610.0
17275,22123,2020,4126.0
17276,22125,2020,4202.0
17277,22127,2020,5361.0
17278,23001,2020,45906.0
17279,23003,2020,29594.0
17280,23005,2020,123384.0
17281,23007,2020,12426.0
17282,23009,2020,24116.0
17283,23011,2020,52506.0
17284,23013,2020,17497.0
17285,23015,2020,15665.0
17286,23017,2020,22359.0
17287,23019,2020,63073.0
17288,23021,2020,7180.0
17289,23023,2020,16024.0
17290,23025,2020,21645.0
17291,23027,2020,17427.0
17292,23029,2020,13830.0
17293,23031,2020,86919.0
17294,24001,2020,27369.0
17295,24003,2020,213122.0
17296,24005,2020,315347.0
17297,24009,2020,32558.0
17298,24011,2020,12160.0
17299,24013,2020,61261.0
17300,24015,2020,37293.0
17301,24017,2020,57388.0
17302,24019,2020,13433.0
17303,24021,2020,94299.0
17304,24023,2020,12745.0
17305,24025,2020,95094.0
17306,24027,2020,116457.0
17307,24029,2020,8274.0
17308,24031,2020,372825.0
17309,24033,2020,315634.0
17310,24035,2020,19000.0
17311,24037,2020,41280.0
17312,24039,2020,8509.0
17313,24041,2020,16810.0
17314,24043,2020,56367.0
17315,24045,2020,38142.0
17316,24047,2020,22661.0
17317,24510,2020,242499.0
17318,25001,2020,95859.0
17319,25003,2020,54786.0
17320,25005,2020,220365.0
17321,25007,2020,6887.0
17322,25009,2020,297254.0
17323,25011,2020,30790.0
17324,25013,2020,180492.0
17325,25015,2020,59607.0
17326,25017,2020,611850.0
17327,25019,2020,3709.0
17328,25021,2020,267967.0
17329,25023,2020,190355.0
17330,25025,2020,312978.0
17331,25027,2020,314081.0
17332,26001,2020,5115.0
17333,26003,2020,3246.0
17334,26005,2020,43927.0
17335,26007,2020,12769.0
17336,26009,2020,10166.0
17337,26011,2020,6585.0
17338,26013,2020,3188.0
17339,26015,2020,24342.0
17340,26017,2020,44627.0
17341,26019,2020,6940.0
17342,26021,2020,63136.0
17343,26023,2020,16716.0
17344,26025,2020,54124.0
17345,26027,2020,21226.0
17346,26029,2020,11725.0
17347,26031,2020,11219.0
17348,26033,2020,14323.0
17349,26035,2020,12247.0
17350,26037,2020,30182.0
17351,26039,2020,6155.0
17352,26041,2020,16154.0
17353,26043,2020,11491.0
17354,26045,2020,45037.0
17355,26047,2020,14197.0
17356,26049,2020,170581.0
17357,26051,2020,11181.0
17358,26053,2020,6896.0
17359,26055,2020,37939.0
17360,26057,2020,15084.0
17361,26059,2020,18180.0
17362,26061,2020,13805.0
17363,26063,2020,13908.0
17364,26065,2020,113678.0
17365,26067,2020,23071.0
17366,26069,2020,11772.0
17367,26071,2020,5150.0
17368,26073,2020,24981.0
17369,26075,2020,62216.0
17370,26077,2020,104278.0
17371,26079,2020,7173.0
17372,26081,2020,244795.0
17373,26083,2020,1079.0
17374,26085,2020,4985.0
17375,26087,2020,34041.0
17376,26089,2020,9201.0
17377,26091,2020,38693.0
17378,26093,2020,72905.0
17379,26095,2020,2258.0
17380,26097,2020,5268.0
17381,26099,2020,349340.0
17382,26101,2020,9701.0
17383,26103,2020,27177.0
17384,26105,2020,12296.0
17385,26107,2020,16276.0
17386,26109,2020,10403.0
17387,26111,2020,34253.0
17388,26113,2020,6194.0
17389,26115,2020,60804.0
17390,26117,2020,24143.0
17391,26119,2020,4490.0
17392,26121,2020,66064.0
17393,26123,2020,19365.0
17394,26125,2020,509589.0
17395,26127,2020,10208.0
17396,26129,2020,9314.0
17397,26131,2020,2823.0
17398,26133,2020,9332.0
17399,26135,2020,3732.0
17400,26137,2020,9985.0
17401,26139,2020,104586.0
17402,26141,2020,5923.0
17403,26143,2020,11420.0
17404,26145,2020,78980.0
17405,26147,2020,65668.0
17406,26149,2020,24319.0
17407,26151,2020,17920.0
17408,26153,2020,3675.0
17409,26155,2020,27762.0
17410,26157,2020,21719.0
17411,26159,2020,29882.0
17412,26161,2020,143040.0
17413,26163,2020,694858.0
17414,26165,2020,13212.0
17415,27001,2020,7594.0
17416,27003,2020,129308.0
17417,27005,2020,13942.0
17418,27007,2020,17882.0
17419,27009,2020,16482.0
17420,27011,2020,2294.0
17421,27013,2020,26390.0
17422,27015,2020,10643.0
17423,27017,2020,13811.0
17424,27019,2020,37386.0
17425,27021,2020,13249.0
17426,27023,2020,5133.0
17427,27025,2020,20370.0
17428,27027,2020,24695.0
17429,27029,2020,3452.0
17430,27031,2020,2608.0
17431,27033,2020,4915.0
17432,27035,2020,27605.0
17433,27037,2020,163463.0
17434,27039,2020,7776.0
17435,27041,2020,16810.0
17436,27043,2020,6074.0
17437,27045,2020,8652.0
17438,27047,2020,13005.0
17439,27049,2020,19623.0
17440,27051,2020,2578.0
17441,27053,2020,513892.0
17442,27055,2020,8286.0
17443,27057,2020,8792.0
17444,27059,2020,15169.0
17445,27061,2020,19529.0
17446,27063,2020,4480.0
17447,27065,2020,6631.0
17448,27067,2020,16853.0
17449,27069,2020,1834.0
17450,27071,2020,5796.0
17451,27073,2020,3048.0
17452,27075,2020,5174.0
17453,27077,2020,1522.0
17454,27079,2020,11191.0
17455,27081,2020,2459.0
17456,27083,2020,10067.0
17457,27085,2020,14736.0
17458,27087,2020,1956.0
17459,27089,2020,3952.0
17460,27091,2020,8824.0
17461,27093,2020,9219.0
17462,27095,2020,10535.0
17463,27097,2020,13536.0
17464,27099,2020,15750.0
17465,27101,2020,3659.0
17466,27103,2020,12821.0
17467,27105,2020,7898.0
17468,27107,2020,2771.0
17469,27109,2020,63561.0
17470,27111,2020,24693.0
17471,27113,2020,5976.0
17472,27115,2020,11132.0
17473,27117,2020,4002.0
17474,27119,2020,12619.0
17475,27121,2020,5010.0
17476,27123,2020,210424.0
17477,27125,2020,1713.0
17478,27127,2020,6262.0
17479,27129,2020,6032.0
17480,27131,2020,23183.0
17481,27133,2020,3990.0
17482,27135,2020,5940.0
17483,27137,2020,86229.0
17484,27139,2020,50487.0
17485,27141,2020,32791.0
17486,27143,2020,6015.0
17487,27145,2020,59576.0
17488,27147,2020,14836.0
17489,27149,2020,3683.0
17490,27151,2020,4243.0
17491,27153,2020,9888.0
17492,27155,2020,1590.0
17493,27157,2020,9081.0
17494,27159,2020,5748.0
17495,27161,2020,7547.0
17496,27163,2020,95796.0
17497,27165,2020,4371.0
17498,27167,2020,2799.0
17499,27169,2020,19466.0
17500,27171,2020,49097.0
17501,27173,2020,4088.0
17502,28001,2020,11129.0
17503,28003,2020,14610.0
17504,28005,2020,5416.0
17505,28007,2020,6890.0
17506,28009,2020,3183.0
17507,28011,2020,12114.0
17508,28013,2020,5771.0
17509,28015,2020,4018.0
17510,28017,2020,6523.0
17511,28019,2020,3353.0
17512,28021,2020,2900.0
17513,28023,2020,6253.0
17514,28025,2020,7728.0
17515,28027,2020,8614.0
17516,28029,2020,9568.0
17517,28031,2020,7042.0
17518,28033,2020,64424.0
17519,28035,2020,28116.0
17520,28037,2020,3031.0
17521,28039,2020,8085.0
17522,28041,2020,3825.0
17523,28043,2020,8476.0
17524,28045,2020,21494.0
17525,28047,2020,80097.0
17526,28049,2020,88832.0
17527,28051,2020,6358.0
17528,28053,2020,3197.0
17529,28055,2020,462.0
17530,28057,2020,8525.0
17531,28059,2020,53878.0
17532,28061,2020,6616.0
17533,28063,2020,2543.0
17534,28065,2020,4615.0
17535,28067,2020,24855.0
17536,28069,2020,3757.0
17537,28071,2020,18585.0
17538,28073,2020,22467.0
17539,28075,2020,29718.0
17540,28077,2020,5019.0
17541,28079,2020,8113.0
17542,28081,2020,31866.0
17543,28083,2020,9901.0
17544,28085,2020,13127.0
17545,28087,2020,22457.0
17546,28089,2020,40179.0
17547,28091,2020,9770.0
17548,28093,2020,13311.0
17549,28095,2020,13482.0
17550,28097,2020,4366.0
17551,28099,2020,10495.0
17552,28101,2020,7926.0
17553,28103,2020,4015.0
17554,28105,2020,18849.0
17555,28107,2020,12354.0
17556,28109,2020,21321.0
17557,28111,2020,4597.0
17558,28113,2020,14561.0
17559,28115,2020,10823.0
17560,28117,2020,9255.0
17561,28119,2020,3022.0
17562,28121,2020,56640.0
17563,28123,2020,10228.0
17564,28125,2020,1757.0
17565,28127,2020,9647.0
17566,28129,2020,5888.0
17567,28131,2020,6304.0
17568,28133,2020,8345.0
17569,28135,2020,4322.0
17570,28137,2020,10553.0
17571,28139,2020,7842.0
17572,28141,2020,7938.0
17573,28143,2020,3964.0
17574,28145,2020,9849.0
17575,28147,2020,5707.0
17576,28149,2020,18107.0
17577,28151,2020,17882.0
17578,28153,2020,7967.0
17579,28155,2020,3699.0
17580,28157,2020,3345.0
17581,28159,2020,7100.0
17582,28161,2020,5111.0
17583,28163,2020,8577.0
17584,29001,2020,9078.0
17585,29003,2020,6799.0
17586,29005,2020,2549.0
17587,29007,2020,9349.0
17588,29009,2020,13872.0
17589,29011,2020,4830.0
17590,29013,2020,6565.0
17591,29015,2020,8060.0
17592,29017,2020,4426.0
17593,29019,2020,71919.0
17594,29021,2020,33642.0
17595,29023,2020,16358.0
17596,29025,2020,3703.0
17597,29027,2020,16233.0
17598,29029,2020,17300.0
17599,29031,2020,30215.0
17600,29033,2020,3518.0
17601,29035,2020,2334.0
17602,29037,2020,40397.0
17603,29039,2020,5573.0
17604,29041,2020,2723.0
17605,29043,2020,32487.0
17606,29045,2020,2633.0
17607,29047,2020,92514.0
17608,29049,2020,8100.0
17609,29051,2020,30291.0
17610,29053,2020,6342.0
17611,29055,2020,9798.0
17612,29057,2020,3028.0
17613,29059,2020,6412.0
17614,29061,2020,3002.0
17615,29063,2020,3800.0
17616,29065,2020,6355.0
17617,29067,2020,5317.0
17618,29069,2020,12119.0
17619,29071,2020,41127.0
17620,29073,2020,6154.0
17621,29075,2020,2495.0
17622,29077,2020,127532.0
17623,29079,2020,3900.0
17624,29081,2020,3361.0
17625,29083,2020,9284.0
17626,29085,2020,4012.0
17627,29087,2020,2010.0
17628,29089,2020,3460.0
17629,29091,2020,15557.0
17630,29093,2020,4102.0
17631,29095,2020,291532.0
17632,29097,2020,46461.0
17633,29099,2020,84978.0
17634,29101,2020,19931.0
17635,29103,2020,1400.0
17636,29105,2020,14413.0
17637,29107,2020,12711.0
17638,29109,2020,14849.0
17639,29111,2020,3597.0
17640,29113,2020,19818.0
17641,29115,2020,5002.0
17642,29117,2020,5907.0
17643,29119,2020,8393.0
17644,29121,2020,5908.0
17645,29123,2020,4851.0
17646,29125,2020,3808.0
17647,29127,2020,11537.0
17648,29129,2020,1333.0
17649,29131,2020,10452.0
17650,29133,2020,4998.0
17651,29135,2020,5450.0
17652,29137,2020,3731.0
17653,29139,2020,4995.0
17654,29141,2020,7639.0
17655,29143,2020,7281.0
17656,29145,2020,22123.0
17657,29147,2020,8510.0
17658,29149,2020,4298.0
17659,29151,2020,5273.0
17660,29153,2020,4082.0
17661,29155,2020,6640.0
17662,29157,2020,7577.0
17663,29159,2020,16193.0
17664,29161,2020,18213.0
17665,29163,2020,6653.0
17666,29165,2020,39918.0
17667,29167,2020,11833.0
17668,29169,2020,15061.0
17669,29171,2020,1698.0
17670,29173,2020,4132.0
17671,29175,2020,8872.0
17672,29177,2020,8766.0
17673,29179,2020,2580.0
17674,29181,2020,4973.0
17675,29183,2020,149472.0
17676,29185,2020,4120.0
17677,29186,2020,7252.0
17678,29187,2020,24572.0
17679,29189,2020,409658.0
17680,29195,2020,8235.0
17681,29197,2020,1440.0
17682,29199,2020,1687.0
17683,29201,2020,15342.0
17684,29203,2020,3063.0
17685,29205,2020,2485.0
17686,29207,2020,11545.0
17687,29209,2020,12689.0
17688,29211,2020,2218.0
17689,29213,2020,22390.0
17690,29215,2020,9852.0
17691,29217,2020,8294.0
17692,29219,2020,13129.0
17693,29221,2020,9278.0
17694,29223,2020,5438.0
17695,29225,2020,13697.0
17696,29227,2020,808.0
17697,29229,2020,6977.0
17698,29510,2020,143566.0
17699,30001,2020,4203.0
17700,30003,2020,3622.0
17701,30005,2020,2399.0
17702,30007,2020,2436.0
17703,30009,2020,4524.0
17704,30011,2020,650.0
17705,30013,2020,34440.0
17706,30015,2020,2301.0
17707,30017,2020,4837.0
17708,30019,2020,856.0
17709,30021,2020,3892.0
17710,30023,2020,4069.0
17711,30025,2020,1274.0
17712,30027,2020,5057.0
17713,30029,2020,39925.0
17714,30031,2020,45287.0
17715,30033,2020,437.0
17716,30035,2020,4158.0
17717,30037,2020,361.0
17718,30039,2020,1355.0
17719,30041,2020,6471.0
17720,30043,2020,4445.0
17721,30045,2020,915.0
17722,30047,2020,11869.0
17723,30049,2020,28502.0
17724,30051,2020,925.0
17725,30053,2020,8622.0
17726,30055,2020,818.0
17727,30057,2020,3707.0
17728,30059,2020,759.0
17729,30061,2020,1926.0
17730,30063,2020,49700.0
17731,30065,2020,2211.0
17732,30067,2020,7961.0
17733,30069,2020,212.0
17734,30071,2020,1756.0
17735,30073,2020,2079.0
17736,30075,2020,748.0
17737,30077,2020,2515.0
17738,30079,2020,502.0
17739,30081,2020,17823.0
17740,30083,2020,4408.0
17741,30085,2020,3248.0
17742,30087,2020,3237.0
17743,30089,2020,5281.0
17744,30091,2020,1543.0
17745,30093,2020,15026.0
17746,30095,2020,3840.0
17747,30097,2020,1515.0
17748,30099,2020,2496.0
17749,30101,2020,1827.0
17750,30103,2020,333.0
17751,30105,2020,3324.0
17752,30107,2020,897.0
17753,30109,2020,477.0
17754,30111,2020,68047.0
17755,31001,2020,12786.0
17756,31003,2020,2725.0
17757,31005,2020,192.0
17758,31007,2020,234.0
17759,31009,2020,237.0
17760,31011,2020,2261.0
17761,31013,2020,4601.0
17762,31015,2020,876.0
17763,31017,2020,1333.0
17764,31019,2020,19016.0
17765,31021,2020,2881.0
17766,31023,2020,3387.0
17767,31025,2020,10073.0
17768,31027,2020,3479.0
17769,31029,2020,1591.0
17770,31031,2020,2459.0
17771,31033,2020,4403.0
17772,31035,2020,2575.0
17773,31037,2020,3742.0
17774,31039,2020,3854.0
17775,31041,2020,4828.0
17776,31043,2020,7350.0
17777,31045,2020,3555.0
17778,31047,2020,9007.0
17779,31049,2020,823.0
17780,31051,2020,2376.0
17781,31053,2020,15284.0
17782,31055,2020,221451.0
17783,31057,2020,842.0
17784,31059,2020,2488.0
17785,31061,2020,1328.0
17786,31063,2020,1136.0
17787,31065,2020,2077.0
17788,31067,2020,9048.0
17789,31069,2020,929.0
17790,31071,2020,906.0
17791,31073,2020,940.0
17792,31075,2020,297.0
17793,31077,2020,1045.0
17794,31079,2020,23496.0
17795,31081,2020,3622.0
17796,31083,2020,1515.0
17797,31085,2020,389.0
17798,31087,2020,1228.0
17799,31089,2020,4390.0
17800,31091,2020,316.0
17801,31093,2020,2732.0
17802,31095,2020,3246.0
17803,31097,2020,1847.0
17804,31099,2020,2691.0
17805,31101,2020,3864.0
17806,31103,2020,349.0
17807,31105,2020,1612.0
17808,31107,2020,3605.0
17809,31109,2020,126666.0
17810,31111,2020,14765.0
17811,31113,2020,319.0
17812,31115,2020,316.0
17813,31117,2020,199.0
17814,31119,2020,14187.0
17815,31121,2020,3330.0
17816,31123,2020,1969.0
17817,31125,2020,1530.0
17818,31127,2020,2912.0
17819,31129,2020,1852.0
17820,31131,2020,6509.0
17821,31133,2020,1221.0
17822,31135,2020,1202.0
17823,31137,2020,3900.0
17824,31139,2020,2990.0
17825,31141,2020,13173.0
17826,31143,2020,2048.0
17827,31145,2020,4503.0
17828,31147,2020,3706.0
17829,31149,2020,617.0
17830,31151,2020,5292.0
17831,31153,2020,67299.0
17832,31155,2020,8542.0
17833,31157,2020,14657.0
17834,31159,2020,6766.0
17835,31161,2020,2312.0
17836,31163,2020,1414.0
17837,31165,2020,530.0
17838,31167,2020,2430.0
17839,31169,2020,2247.0
17840,31171,2020,276.0
17841,31173,2020,2165.0
17842,31175,2020,1844.0
17843,31177,2020,8303.0
17844,31179,2020,3793.0
17845,31181,2020,1524.0
17846,31183,2020,353.0
17847,31185,2020,5685.0
17848,32001,2020,9972.0
17849,32003,2020,809026.0
17850,32005,2020,21071.0
17851,32007,2020,18516.0
17852,32009,2020,515.0
17853,32011,2020,661.0
17854,32013,2020,6579.0
17855,32015,2020,2315.0
17856,32017,2020,2003.0
17857,32019,2020,21726.0
17858,32021,2020,1938.0
17859,32023,2020,19253.0
17860,32027,2020,2009.0
17861,32029,2020,1704.0
17862,32031,2020,186116.0
17863,32033,2020,3749.0
17864,32510,2020,22858.0
17865,33001,2020,25576.0
17866,33003,2020,22235.0
17867,33005,2020,30513.0
17868,33007,2020,13967.0
17869,33009,2020,35141.0
17870,33011,2020,162843.0
17871,33013,2020,59209.0
17872,33015,2020,122520.0
17873,33017,2020,49831.0
17874,33019,2020,17281.0
17875,34001,2020,101103.0
17876,34003,2020,342059.0
17877,34005,2020,168195.0
17878,34007,2020,190660.0
17879,34009,2020,40670.0
17880,34011,2020,50947.0
17881,34013,2020,290680.0
17882,34015,2020,106376.0
17883,34017,2020,261289.0
17884,34019,2020,47647.0
17885,34021,2020,131440.0
17886,34023,2020,287971.0
17887,34025,2020,238235.0
17888,34027,2020,184162.0
17889,34029,2020,229454.0
17890,34031,2020,168681.0
17891,34033,2020,24414.0
17892,34035,2020,119721.0
17893,34037,2020,54166.0
17894,34039,2020,191862.0
17895,34041,2020,42322.0
17896,35001,2020,272528.0
17897,35003,2020,1546.0
17898,35005,2020,23641.0
17899,35006,2020,8408.0
17900,35007,2020,5946.0
17901,35009,2020,18620.0
17902,35011,2020,554.0
17903,35013,2020,79421.0
17904,35015,2020,21548.0
17905,35017,2020,11496.0
17906,35019,2020,1345.0
17907,35021,2020,176.0
17908,35023,2020,1742.0
17909,35025,2020,22868.0
17910,35027,2020,8478.0
17911,35028,2020,7895.0
17912,35029,2020,8911.0
17913,35031,2020,21247.0
17914,35033,2020,2278.0
17915,35035,2020,23112.0
17916,35037,2020,3182.0
17917,35039,2020,13035.0
17918,35041,2020,6785.0
17919,35043,2020,52504.0
17920,35045,2020,43582.0
17921,35047,2020,11942.0
17922,35049,2020,63152.0
17923,35051,2020,5402.0
17924,35053,2020,5002.0
17925,35055,2020,12592.0
17926,35057,2020,5957.0
17927,35059,2020,1404.0
17928,35061,2020,26456.0
17929,36001,2020,128122.0
17930,36003,2020,18028.0
17931,36005,2020,510135.0
17932,36007,2020,79528.0
17933,36009,2020,31999.0
17934,36011,2020,30870.0
17935,36013,2020,53625.0
17936,36015,2020,34328.0
17937,36017,2020,20834.0
17938,36019,2020,31557.0
17939,36021,2020,25323.0
17940,36023,2020,17980.0
17941,36025,2020,18930.0
17942,36027,2020,110095.0
17943,36029,2020,392910.0
17944,36031,2020,16182.0
17945,36033,2020,18880.0
17946,36035,2020,22406.0
17947,36037,2020,24174.0
17948,36039,2020,17681.0
17949,36041,2020,1416.0
17950,36043,2020,25093.0
17951,36045,2020,43046.0
17952,36047,2020,972314.0
17953,36049,2020,10398.0
17954,36051,2020,24496.0
17955,36053,2020,25959.0
17956,36055,2020,305210.0
17957,36057,2020,19621.0
17958,36059,2020,449967.0
17959,36061,2020,758720.0
17960,36063,2020,90022.0
17961,36065,2020,90675.0
17962,36067,2020,187349.0
17963,36069,2020,45711.0
17964,36071,2020,130428.0
17965,36073,2020,16634.0
17966,36075,2020,46597.0
17967,36077,2020,23768.0
17968,36079,2020,34915.0
17969,36081,2020,783362.0
17970,36083,2020,65455.0
17971,36085,2020,167160.0
17972,36087,2020,101167.0
17973,36089,2020,41925.0
17974,36091,2020,95898.0
17975,36093,2020,57479.0
17976,36095,2020,12780.0
17977,36097,2020,7402.0
17978,36099,2020,13784.0
17979,36101,2020,40099.0
17980,36103,2020,495667.0
17981,36105,2020,28762.0
17982,36107,2020,20643.0
17983,36109,2020,40817.0
17984,36111,2020,70088.0
17985,36113,2020,29034.0
17986,36115,2020,24054.0
17987,36117,2020,37281.0
17988,36119,2020,353485.0
17989,36121,2020,16055.0
17990,36123,2020,8901.0
17991,37001,2020,65455.0
17992,37003,2020,14049.0
17993,37005,2020,5001.0
17994,37007,2020,9803.0
17995,37009,2020,11885.0
17996,37011,2020,6569.0
17997,37013,2020,20219.0
17998,37015,2020,8008.0
17999,37017,2020,13394.0
18000,37019,2020,59416.0
18001,37021,2020,105177.0
18002,37023,2020,35664.0
18003,37025,2020,72843.0
18004,37027,2020,32798.0
18005,37029,2020,3912.0
18006,37031,2020,30060.0
18007,37033,2020,8993.0
18008,37035,2020,62940.0
18009,37037,2020,29904.0
18010,37039,2020,12546.0
18011,37041,2020,6389.0
18012,37043,2020,5300.0
18013,37045,2020,36089.0
18014,37047,2020,21545.0
18015,37049,2020,41002.0
18016,37051,2020,127532.0
18017,37053,2020,10868.0
18018,37055,2020,15830.0
18019,37057,2020,67555.0
18020,37059,2020,16303.0
18021,37061,2020,21437.0
18022,37063,2020,130128.0
18023,37065,2020,20800.0
18024,37067,2020,148890.0
18025,37069,2020,25729.0
18026,37071,2020,85286.0
18027,37073,2020,4690.0
18028,37075,2020,3521.0
18029,37077,2020,21567.0
18030,37079,2020,7218.0
18031,37081,2020,208234.0
18032,37083,2020,21061.0
18033,37085,2020,46525.0
18034,37087,2020,26891.0
18035,37089,2020,49715.0
18036,37091,2020,8903.0
18037,37093,2020,18448.0
18038,37095,2020,2056.0
18039,37097,2020,68374.0
18040,37099,2020,17008.0
18041,37101,2020,71332.0
18042,37103,2020,4069.0
18043,37105,2020,22290.0
18044,37107,2020,23494.0
18045,37109,2020,33621.0
18046,37111,2020,18275.0
18047,37113,2020,16062.0
18048,37115,2020,8373.0
18049,37117,2020,9622.0
18050,37119,2020,421950.0
18051,37121,2020,6402.0
18052,37123,2020,10265.0
18053,37125,2020,40575.0
18054,37127,2020,37371.0
18055,37129,2020,97998.0
18056,37131,2020,8424.0
18057,37133,2020,66131.0
18058,37135,2020,53222.0
18059,37137,2020,5506.0
18060,37139,2020,14785.0
18061,37141,2020,22812.0
18062,37143,2020,5886.0
18063,37145,2020,16153.0
18064,37147,2020,70683.0
18065,37149,2020,9252.0
18066,37151,2020,56790.0
18067,37153,2020,18201.0
18068,37155,2020,45881.0
18069,37157,2020,38532.0
18070,37159,2020,54137.0
18071,37161,2020,27525.0
18072,37163,2020,23162.0
18073,37165,2020,12951.0
18074,37167,2020,23849.0
18075,37169,2020,19608.0
18076,37171,2020,29001.0
18077,37173,2020,5741.0
18078,37175,2020,14648.0
18079,37177,2020,1652.0
18080,37179,2020,77791.0
18081,37181,2020,16895.0
18082,37183,2020,410552.0
18083,37185,2020,8122.0
18084,37187,2020,5237.0
18085,37189,2020,21453.0
18086,37191,2020,48198.0
18087,37193,2020,28902.0
18088,37195,2020,31968.0
18089,37197,2020,15247.0
18090,37199,2020,7466.0
18091,38001,2020,1058.0
18092,38003,2020,5039.0
18093,38005,2020,2265.0
18094,38007,2020,366.0
18095,38009,2020,2876.0
18096,38011,2020,1323.0
18097,38013,2020,950.0
18098,38015,2020,39805.0
18099,38017,2020,77027.0
18100,38019,2020,1778.0
18101,38021,2020,2127.0
18102,38023,2020,1060.0
18103,38025,2020,1700.0
18104,38027,2020,1046.0
18105,38029,2020,1546.0
18106,38031,2020,1483.0
18107,38033,2020,814.0
18108,38035,2020,30779.0
18109,38037,2020,1082.0
18110,38039,2020,1031.0
18111,38041,2020,1093.0
18112,38043,2020,1123.0
18113,38045,2020,1869.0
18114,38047,2020,812.0
18115,38049,2020,2562.0
18116,38051,2020,1292.0
18117,38053,2020,4478.0
18118,38055,2020,4372.0
18119,38057,2020,3663.0
18120,38059,2020,13502.0
18121,38061,2020,3570.0
18122,38063,2020,1428.0
18123,38065,2020,743.0
18124,38067,2020,3169.0
18125,38069,2020,1843.0
18126,38071,2020,4903.0
18127,38073,2020,2380.0
18128,38075,2020,931.0
18129,38077,2020,6806.0
18130,38079,2020,4402.0
18131,38081,2020,1897.0
18132,38083,2020,684.0
18133,38085,2020,1107.0
18134,38087,2020,336.0
18135,38089,2020,12635.0
18136,38091,2020,804.0
18137,38093,2020,8977.0
18138,38095,2020,1104.0
18139,38097,2020,3394.0
18140,38099,2020,4820.0
18141,38101,2020,28432.0
18142,38103,2020,1941.0
18143,38105,2020,14646.0
18144,39001,2020,10396.0
18145,39003,2020,41025.0
18146,39005,2020,20504.0
18147,39007,2020,38614.0
18148,39009,2020,22539.0
18149,39011,2020,19000.0
18150,39013,2020,25772.0
18151,39015,2020,17811.0
18152,39017,2020,140736.0
18153,39019,2020,11286.0
18154,39021,2020,15407.0
18155,39023,2020,54862.0
18156,39025,2020,79347.0
18157,39027,2020,16741.0
18158,39029,2020,41632.0
18159,39031,2020,14579.0
18160,39033,2020,17928.0
18161,39035,2020,547887.0
18162,39037,2020,21171.0
18163,39039,2020,15385.0
18164,39041,2020,71521.0
18165,39043,2020,31319.0
18166,39045,2020,57071.0
18167,39047,2020,11737.0
18168,39049,2020,519237.0
18169,39051,2020,16582.0
18170,39053,2020,11359.0
18171,39055,2020,35303.0
18172,39057,2020,65915.0
18173,39059,2020,16244.0
18174,39061,2020,344588.0
18175,39063,2020,32022.0
18176,39065,2020,11777.0
18177,39067,2020,6221.0
18178,39069,2020,11069.0
18179,39071,2020,16747.0
18180,39073,2020,11533.0
18181,39075,2020,12351.0
18182,39077,2020,23050.0
18183,39079,2020,12971.0
18184,39081,2020,27541.0
18185,39083,2020,23027.0
18186,39085,2020,96534.0
18187,39087,2020,23208.0
18188,39089,2020,64466.0
18189,39091,2020,18604.0
18190,39093,2020,121669.0
18191,39095,2020,181472.0
18192,39097,2020,15017.0
18193,39099,2020,98869.0
18194,39101,2020,24617.0
18195,39103,2020,69739.0
18196,39105,2020,9090.0
18197,39107,2020,16078.0
18198,39109,2020,41260.0
18199,39111,2020,5854.0
18200,39113,2020,227077.0
18201,39115,2020,6076.0
18202,39117,2020,13064.0
18203,39119,2020,33797.0
18204,39121,2020,4969.0
18205,39123,2020,18240.0
18206,39125,2020,7692.0
18207,39127,2020,13216.0
18208,39129,2020,19808.0
18209,39131,2020,11037.0
18210,39133,2020,62785.0
18211,39135,2020,16417.0
18212,39137,2020,13301.0
18213,39139,2020,48967.0
18214,39141,2020,29080.0
18215,39143,2020,23825.0
18216,39145,2020,29561.0
18217,39147,2020,21759.0
18218,39149,2020,18670.0
18219,39151,2020,154322.0
18220,39153,2020,226721.0
18221,39155,2020,85917.0
18222,39157,2020,36906.0
18223,39159,2020,20695.0
18224,39161,2020,11640.0
18225,39163,2020,5221.0
18226,39165,2020,84127.0
18227,39167,2020,24803.0
18228,39169,2020,44238.0
18229,39171,2020,15266.0
18230,39173,2020,50645.0
18231,39175,2020,9100.0
18232,40001,2020,7632.0
18233,40003,2020,1897.0
18234,40005,2020,5200.0
18235,40007,2020,1994.0
18236,40009,2020,7724.0
18237,40011,2020,3940.0
18238,40013,2020,17634.0
18239,40015,2020,10465.0
18240,40017,2020,45724.0
18241,40019,2020,18474.0
18242,40021,2020,17364.0
18243,40023,2020,6074.0
18244,40025,2020,952.0
18245,40027,2020,108070.0
18246,40029,2020,2252.0
18247,40031,2020,43241.0
18248,40033,2020,2215.0
18249,40035,2020,5428.0
18250,40037,2020,26393.0
18251,40039,2020,10697.0
18252,40041,2020,16988.0
18253,40043,2020,1715.0
18254,40045,2020,1581.0
18255,40047,2020,23709.0
18256,40049,2020,10375.0
18257,40051,2020,20107.0
18258,40053,2020,1761.0
18259,40055,2020,2109.0
18260,40057,2020,1091.0
18261,40059,2020,1236.0
18262,40061,2020,4935.0
18263,40063,2020,4106.0
18264,40065,2020,9681.0
18265,40067,2020,2382.0
18266,40069,2020,4313.0
18267,40071,2020,17392.0
18268,40073,2020,5769.0
18269,40075,2020,3554.0
18270,40077,2020,4083.0
18271,40079,2020,18309.0
18272,40081,2020,13022.0
18273,40083,2020,15668.0
18274,40085,2020,3340.0
18275,40087,2020,14783.0
18276,40089,2020,12651.0
18277,40091,2020,8216.0
18278,40093,2020,3064.0
18279,40095,2020,6384.0
18280,40097,2020,16071.0
18281,40099,2020,5207.0
18282,40101,2020,26535.0
18283,40103,2020,4501.0
18284,40105,2020,4128.0
18285,40107,2020,4036.0
18286,40109,2020,305780.0
18287,40111,2020,14644.0
18288,40113,2020,18364.0
18289,40115,2020,11919.0
18290,40117,2020,6260.0
18291,40119,2020,31346.0
18292,40121,2020,17846.0
18293,40123,2020,14234.0
18294,40125,2020,26066.0
18295,40127,2020,4477.0
18296,40129,2020,1377.0
18297,40131,2020,35208.0
18298,40133,2020,9357.0
18299,40135,2020,15437.0
18300,40137,2020,16607.0
18301,40139,2020,6761.0
18302,40141,2020,2794.0
18303,40143,2020,253909.0
18304,40145,2020,29591.0
18305,40147,2020,20376.0
18306,40149,2020,4296.0
18307,40151,2020,3140.0
18308,40153,2020,7608.0
18309,41001,2020,7158.0
18310,41003,2020,36051.0
18311,41005,2020,159330.0
18312,41007,2020,16019.0
18313,41009,2020,19872.0
18314,41011,2020,27819.0
18315,41013,2020,9998.0
18316,41015,2020,10790.0
18317,41017,2020,77040.0
18318,41019,2020,46439.0
18319,41021,2020,905.0
18320,41023,2020,3453.0
18321,41025,2020,3176.0
18322,41027,2020,8892.0
18323,41029,2020,89690.0
18324,41031,2020,8395.0
18325,41033,2020,36606.0
18326,41035,2020,28376.0
18327,41037,2020,3533.0
18328,41039,2020,154516.0
18329,41041,2020,21841.0
18330,41043,2020,48290.0
18331,41045,2020,10059.0
18332,41047,2020,120474.0
18333,41049,2020,4093.0
18334,41051,2020,334849.0
18335,41053,2020,30726.0
18336,41055,2020,727.0
18337,41057,2020,11075.0
18338,41059,2020,26823.0
18339,41061,2020,10785.0
18340,41063,2020,3195.0
18341,41065,2020,10333.0
18342,41067,2020,223040.0
18343,41069,2020,669.0
18344,41071,2020,37542.0
18345,42001,2020,39628.0
18346,42003,2020,545695.0
18347,42005,2020,28035.0
18348,42007,2020,72086.0
18349,42009,2020,19930.0
18350,42011,2020,156389.0
18351,42013,2020,51647.0
18352,42015,2020,25084.0
18353,42017,2020,240763.0
18354,42019,2020,77725.0
18355,42021,2020,56933.0
18356,42023,2020,2334.0
18357,42025,2020,26545.0
18358,42027,2020,59380.0
18359,42029,2020,192951.0
18360,42031,2020,15930.0
18361,42033,2020,31704.0
18362,42035,2020,15058.0
18363,42037,2020,26482.0
18364,42039,2020,35169.0
18365,42041,2020,101176.0
18366,42043,2020,113759.0
18367,42045,2020,209596.0
18368,42047,2020,14215.0
18369,42049,2020,110388.0
18370,42051,2020,55346.0
18371,42053,2020,2131.0
18372,42055,2020,61617.0
18373,42057,2020,6040.0
18374,42059,2020,14503.0
18375,42061,2020,16779.0
18376,42063,2020,33855.0
18377,42065,2020,18400.0
18378,42067,2020,9380.0
18379,42069,2020,87737.0
18380,42071,2020,204003.0
18381,42073,2020,37300.0
18382,42075,2020,53857.0
18383,42077,2020,140072.0
18384,42079,2020,130039.0
18385,42081,2020,46160.0
18386,42083,2020,17059.0
18387,42085,2020,46821.0
18388,42087,2020,19075.0
18389,42089,2020,59950.0
18390,42091,2020,318648.0
18391,42093,2020,7475.0
18392,42095,2020,115300.0
18393,42097,2020,39048.0
18394,42099,2020,18512.0
18395,42101,2020,613125.0
18396,42103,2020,22717.0
18397,42105,2020,6630.0
18398,42107,2020,58646.0
18399,42109,2020,14824.0
18400,42111,2020,29518.0
18401,42113,2020,2751.0
18402,42115,2020,17027.0
18403,42117,2020,16442.0
18404,42119,2020,14762.0
18405,42121,2020,22103.0
18406,42123,2020,17124.0
18407,42125,2020,85201.0
18408,42127,2020,18938.0
18409,42129,2020,153772.0
18410,42131,2020,10887.0
18411,42133,2020,174425.0
18412,44001,2020,18961.0
18413,44003,2020,70085.0
18414,44005,2020,34578.0
18415,44007,2020,240886.0
18416,44009,2020,50220.0
18417,45001,2020,9597.0
18418,45003,2020,68266.0
18419,45005,2020,3426.0
18420,45007,2020,78636.0
18421,45009,2020,5070.0
18422,45011,2020,8670.0
18423,45013,2020,74231.0
18424,45015,2020,79597.0
18425,45017,2020,6221.0
18426,45019,2020,163411.0
18427,45021,2020,20779.0
18428,45023,2020,12861.0
18429,45025,2020,18213.0
18430,45027,2020,12775.0
18431,45029,2020,15281.0
18432,45031,2020,26117.0
18433,45033,2020,11147.0
18434,45035,2020,56939.0
18435,45037,2020,9171.0
18436,45039,2020,9315.0
18437,45041,2020,52880.0
18438,45043,2020,25758.0
18439,45045,2020,198015.0
18440,45047,2020,27977.0
18441,45049,2020,6893.0
18442,45051,2020,136219.0
18443,45053,2020,10724.0
18444,45055,2020,25293.0
18445,45057,2020,35228.0
18446,45059,2020,25555.0
18447,45061,2020,6455.0
18448,45063,2020,115220.0
18449,45065,2020,3984.0
18450,45067,2020,11282.0
18451,45069,2020,9384.0
18452,45071,2020,14976.0
18453,45073,2020,32440.0
18454,45075,2020,33629.0
18455,45077,2020,48522.0
18456,45079,2020,155478.0
18457,45081,2020,7360.0
18458,45083,2020,118788.0
18459,45085,2020,41704.0
18460,45087,2020,11707.0
18461,45089,2020,12705.0
18462,45091,2020,103582.0
18463,46003,2020,1124.0
18464,46005,2020,7684.0
18465,46007,2020,1036.0
18466,46009,2020,2556.0
18467,46011,2020,13364.0
18468,46013,2020,16245.0
18469,46015,2020,2228.0
18470,46017,2020,540.0
18471,46019,2020,4179.0
18472,46021,2020,699.0
18473,46023,2020,3149.0
18474,46025,2020,1584.0
18475,46027,2020,5259.0
18476,46029,2020,12090.0
18477,46031,2020,1205.0
18478,46033,2020,3893.0
18479,46035,2020,8651.0
18480,46037,2020,2568.0
18481,46039,2020,1777.0
18482,46041,2020,1731.0
18483,46043,2020,1203.0
18484,46045,2020,1550.0
18485,46047,2020,3138.0
18486,46049,2020,920.0
18487,46051,2020,3148.0
18488,46053,2020,1832.0
18489,46055,2020,758.0
18490,46057,2020,2242.0
18491,46059,2020,1426.0
18492,46061,2020,1039.0
18493,46063,2020,516.0
18494,46065,2020,7475.0
18495,46067,2020,2977.0
18496,46069,2020,616.0
18497,46071,2020,815.0
18498,46073,2020,940.0
18499,46075,2020,419.0
18500,46077,2020,2172.0
18501,46079,2020,4712.0
18502,46081,2020,11250.0
18503,46083,2020,20341.0
18504,46085,2020,1393.0
18505,46087,2020,2206.0
18506,46089,2020,996.0
18507,46091,2020,1898.0
18508,46093,2020,11142.0
18509,46095,2020,675.0
18510,46097,2020,963.0
18511,46099,2020,78453.0
18512,46101,2020,2608.0
18513,46102,2020,2813.0
18514,46103,2020,43947.0
18515,46105,2020,1329.0
18516,46107,2020,997.0
18517,46109,2020,3889.0
18518,46111,2020,987.0
18519,46115,2020,2599.0
18520,46117,2020,1443.0
18521,46119,2020,591.0
18522,46121,2020,2674.0
18523,46123,2020,2234.0
18524,46125,2020,3530.0
18525,46127,2020,6864.0
18526,46129,2020,2263.0
18527,46135,2020,9558.0
18528,46137,2020,775.0
18529,47001,2020,30886.0
18530,47003,2020,17490.0
18531,47005,2020,6770.0
18532,47007,2020,4822.0
18533,47009,2020,51274.0
18534,47011,2020,40730.0
18535,47013,2020,16461.0
18536,47015,2020,5579.0
18537,47017,2020,10993.0
18538,47019,2020,23993.0
18539,47021,2020,15317.0
18540,47023,2020,5992.0
18541,47025,2020,13561.0
18542,47027,2020,3176.0
18543,47029,2020,14171.0
18544,47031,2020,22034.0
18545,47033,2020,5653.0
18546,47035,2020,26389.0
18547,47037,2020,289191.0
18548,47039,2020,4637.0
18549,47041,2020,7782.0
18550,47043,2020,19559.0
18551,47045,2020,15271.0
18552,47047,2020,16040.0
18553,47049,2020,7368.0
18554,47051,2020,16497.0
18555,47053,2020,19594.0
18556,47055,2020,11700.0
18557,47057,2020,9147.0
18558,47059,2020,27515.0
18559,47061,2020,4944.0
18560,47063,2020,24490.0
18561,47065,2020,148296.0
18562,47067,2020,2731.0
18563,47069,2020,9245.0
18564,47071,2020,10087.0
18565,47073,2020,23183.0
18566,47075,2020,7148.0
18567,47077,2020,10914.0
18568,47079,2020,13190.0
18569,47081,2020,8675.0
18570,47083,2020,2919.0
18571,47085,2020,6869.0
18572,47087,2020,4525.0
18573,47089,2020,20038.0
18574,47091,2020,6979.0
18575,47093,2020,189536.0
18576,47095,2020,2167.0
18577,47097,2020,9609.0
18578,47099,2020,16140.0
18579,47101,2020,4837.0
18580,47103,2020,13788.0
18581,47105,2020,20967.0
18582,47107,2020,21147.0
18583,47109,2020,9875.0
18584,47111,2020,9143.0
18585,47113,2020,38266.0
18586,47115,2020,11438.0
18587,47117,2020,12436.0
18588,47119,2020,35163.0
18589,47121,2020,5079.0
18590,47123,2020,18639.0
18591,47125,2020,74606.0
18592,47127,2020,2599.0
18593,47129,2020,7524.0
18594,47131,2020,12633.0
18595,47133,2020,8969.0
18596,47135,2020,2929.0
18597,47137,2020,2211.0
18598,47139,2020,7448.0
18599,47141,2020,31777.0
18600,47143,2020,12324.0
18601,47145,2020,21596.0
18602,47147,2020,26122.0
18603,47149,2020,115249.0
18604,47151,2020,8625.0
18605,47153,2020,5539.0
18606,47155,2020,37993.0
18607,47157,2020,356607.0
18608,47159,2020,7688.0
18609,47161,2020,5226.0
18610,47163,2020,66645.0
18611,47165,2020,68654.0
18612,47167,2020,21624.0
18613,47169,2020,3398.0
18614,47171,2020,7683.0
18615,47173,2020,7463.0
18616,47175,2020,2242.0
18617,47177,2020,15515.0
18618,47179,2020,54603.0
18619,47181,2020,5737.0
18620,47183,2020,13563.0
18621,47185,2020,10219.0
18622,47187,2020,81041.0
18623,47189,2020,51348.0
18624,48001,2020,16555.0
18625,48003,2020,5649.0
18626,48005,2020,31368.0
18627,48007,2020,9917.0
18628,48009,2020,3513.0
18629,48011,2020,720.0
18630,48013,2020,15798.0
18631,48015,2020,11569.0
18632,48017,2020,2056.0
18633,48019,2020,8697.0
18634,48021,2020,26173.0
18635,48023,2020,1621.0
18636,48025,2020,8499.0
18637,48027,2020,125747.0
18638,48029,2020,644561.0
18639,48031,2020,4665.0
18640,48033,2020,223.0
18641,48035,2020,7255.0
18642,48037,2020,34283.0
18643,48039,2020,124184.0
18644,48041,2020,81514.0
18645,48043,2020,4292.0
18646,48045,2020,588.0
18647,48047,2020,2475.0
18648,48049,2020,14614.0
18649,48051,2020,6931.0
18650,48053,2020,17384.0
18651,48055,2020,13774.0
18652,48057,2020,8027.0
18653,48059,2020,5372.0
18654,48061,2020,126968.0
18655,48063,2020,4460.0
18656,48065,2020,2332.0
18657,48067,2020,11962.0
18658,48069,2020,2557.0
18659,48071,2020,14266.0
18660,48073,2020,18540.0
18661,48075,2020,2308.0
18662,48077,2020,4159.0
18663,48079,2020,1026.0
18664,48081,2020,1625.0
18665,48083,2020,3492.0
18666,48085,2020,353491.0
18667,48087,2020,1029.0
18668,48089,2020,7442.0
18669,48091,2020,54586.0
18670,48093,2020,5416.0
18671,48095,2020,876.0
18672,48097,2020,15530.0
18673,48099,2020,22324.0
18674,48101,2020,703.0
18675,48103,2020,1500.0
18676,48105,2020,1394.0
18677,48107,2020,2107.0
18678,48109,2020,668.0
18679,48111,2020,2344.0
18680,48113,2020,945996.0
18681,48115,2020,4430.0
18682,48117,2020,6053.0
18683,48119,2020,2066.0
18684,48121,2020,300585.0
18685,48123,2020,6823.0
18686,48125,2020,861.0
18687,48127,2020,3178.0
18688,48129,2020,1344.0
18689,48131,2020,3407.0
18690,48133,2020,7017.0
18691,48135,2020,53602.0
18692,48137,2020,787.0
18693,48139,2020,59399.0
18694,48141,2020,273662.0
18695,48143,2020,14263.0
18696,48145,2020,5552.0
18697,48147,2020,12391.0
18698,48149,2020,9033.0
18699,48151,2020,1676.0
18700,48153,2020,2184.0
18701,48155,2020,509.0
18702,48157,2020,248299.0
18703,48159,2020,3960.0
18704,48161,2020,6736.0
18705,48163,2020,4673.0
18706,48165,2020,5878.0
18707,48167,2020,125204.0
18708,48169,2020,1713.0
18709,48171,2020,10820.0
18710,48173,2020,435.0
18711,48175,2020,2840.0
18712,48177,2020,7465.0
18713,48179,2020,7843.0
18714,48181,2020,49327.0
18715,48183,2020,46174.0
18716,48185,2020,9206.0
18717,48187,2020,55710.0
18718,48189,2020,10888.0
18719,48191,2020,1252.0
18720,48193,2020,3007.0
18721,48195,2020,1859.0
18722,48197,2020,1672.0
18723,48199,2020,21188.0
18724,48201,2020,1635749.0
18725,48203,2020,23841.0
18726,48205,2020,1691.0
18727,48207,2020,2162.0
18728,48209,2020,76724.0
18729,48211,2020,1356.0
18730,48213,2020,31649.0
18731,48215,2020,243878.0
18732,48217,2020,13094.0
18733,48219,2020,8071.0
18734,48221,2020,23215.0
18735,48223,2020,13514.0
18736,48225,2020,8234.0
18737,48227,2020,11354.0
18738,48229,2020,1127.0
18739,48231,2020,33596.0
18740,48233,2020,7074.0
18741,48235,2020,636.0
18742,48237,2020,3169.0
18743,48239,2020,4924.0
18744,48241,2020,13725.0
18745,48243,2020,991.0
18746,48245,2020,94012.0
18747,48247,2020,1545.0
18748,48249,2020,12924.0
18749,48251,2020,58270.0
18750,48253,2020,5646.0
18751,48255,2020,4552.0
18752,48257,2020,39237.0
18753,48259,2020,14789.0
18754,48261,2020,129.0
18755,48263,2020,286.0
18756,48265,2020,21278.0
18757,48267,2020,1967.0
18758,48269,2020,90.0
18759,48271,2020,1475.0
18760,48273,2020,11140.0
18761,48275,2020,1394.0
18762,48277,2020,19995.0
18763,48279,2020,4706.0
18764,48281,2020,7823.0
18765,48283,2020,2142.0
18766,48285,2020,7904.0
18767,48287,2020,6159.0
18768,48289,2020,6837.0
18769,48291,2020,27417.0
18770,48293,2020,8292.0
18771,48295,2020,1158.0
18772,48297,2020,3854.0
18773,48299,2020,9031.0
18774,48301,2020,62.0
18775,48303,2020,116535.0
18776,48305,2020,2199.0
18777,48307,2020,3151.0
18778,48309,2020,91422.0
18779,48311,2020,229.0
18780,48313,2020,4205.0
18781,48315,2020,4535.0
18782,48317,2020,1722.0
18783,48319,2020,1668.0
18784,48321,2020,13900.0
18785,48323,2020,16647.0
18786,48325,2020,15978.0
18787,48327,2020,1035.0
18788,48329,2020,57917.0
18789,48331,2020,9468.0
18790,48333,2020,1752.0
18791,48335,2020,2419.0
18792,48337,2020,7969.0
18793,48339,2020,205719.0
18794,48341,2020,6659.0
18795,48343,2020,5170.0
18796,48345,2020,496.0
18797,48347,2020,23765.0
18798,48349,2020,17509.0
18799,48351,2020,5124.0
18800,48353,2020,5516.0
18801,48355,2020,130482.0
18802,48357,2020,3391.0
18803,48359,2020,646.0
18804,48361,2020,31570.0
18805,48363,2020,10334.0
18806,48365,2020,8662.0
18807,48367,2020,45848.0
18808,48369,2020,3213.0
18809,48371,2020,4868.0
18810,48373,2020,17945.0
18811,48375,2020,43957.0
18812,48377,2020,2580.0
18813,48379,2020,4321.0
18814,48381,2020,50092.0
18815,48383,2020,1117.0
18816,48385,2020,1254.0
18817,48387,2020,5143.0
18818,48389,2020,3772.0
18819,48391,2020,2566.0
18820,48393,2020,329.0
18821,48395,2020,6749.0
18822,48397,2020,34457.0
18823,48399,2020,3891.0
18824,48401,2020,18056.0
18825,48403,2020,4524.0
18826,48405,2020,3712.0
18827,48407,2020,10143.0
18828,48409,2020,23422.0
18829,48411,2020,2134.0
18830,48413,2020,1036.0
18831,48415,2020,6115.0
18832,48417,2020,1367.0
18833,48419,2020,9486.0
18834,48421,2020,1070.0
18835,48423,2020,77809.0
18836,48425,2020,3145.0
18837,48427,2020,16281.0
18838,48429,2020,3408.0
18839,48431,2020,405.0
18840,48433,2020,529.0
18841,48435,2020,1282.0
18842,48437,2020,2599.0
18843,48439,2020,722446.0
18844,48441,2020,50396.0
18845,48443,2020,419.0
18846,48445,2020,4101.0
18847,48447,2020,713.0
18848,48449,2020,11064.0
18849,48451,2020,42953.0
18850,48453,2020,491531.0
18851,48455,2020,6105.0
18852,48457,2020,7109.0
18853,48459,2020,14392.0
18854,48461,2020,1344.0
18855,48463,2020,8921.0
18856,48465,2020,16388.0
18857,48467,2020,20494.0
18858,48469,2020,32520.0
18859,48471,2020,22515.0
18860,48473,2020,15586.0
18861,48475,2020,4100.0
18862,48477,2020,13321.0
18863,48479,2020,76382.0
18864,48481,2020,15248.0
18865,48483,2020,2060.0
18866,48485,2020,48538.0
18867,48487,2020,5008.0
18868,48489,2020,5882.0
18869,48491,2020,188113.0
18870,48493,2020,15975.0
18871,48495,2020,2618.0
18872,48497,2020,22254.0
18873,48499,2020,16716.0
18874,48501,2020,2601.0
18875,48503,2020,7491.0
18876,48505,2020,4689.0
18877,48507,2020,3674.0
18878,49001,2020,2213.0
18879,49003,2020,17811.0
18880,49005,2020,39581.0
18881,49007,2020,7802.0
18882,49009,2020,169.0
18883,49011,2020,107104.0
18884,49013,2020,7038.0
18885,49015,2020,3732.0
18886,49017,2020,1851.0
18887,49019,2020,4442.0
18888,49021,2020,17381.0
18889,49023,2020,3478.0
18890,49025,2020,2847.0
18891,49027,2020,4293.0
18892,49029,2020,3434.0
18893,49031,2020,590.0
18894,49033,2020,641.0
18895,49035,2020,383324.0
18896,49037,2020,4577.0
18897,49039,2020,8887.0
18898,49041,2020,7487.0
18899,49043,2020,14474.0
18900,49045,2020,21147.0
18901,49047,2020,10739.0
18902,49049,2020,171899.0
18903,49051,2020,10505.0
18904,49053,2020,59699.0
18905,49055,2020,995.0
18906,49057,2020,85205.0
18907,50001,2020,14700.0
18908,50003,2020,14585.0
18909,50005,2020,12618.0
18910,50007,2020,66478.0
18911,50009,2020,2882.0
18912,50011,2020,19045.0
18913,50013,2020,2976.0
18914,50015,2020,10770.0
18915,50017,2020,12670.0
18916,50019,2020,11678.0
18917,50021,2020,25349.0
18918,50023,2020,25310.0
18919,50025,2020,19162.0
18920,50027,2020,24629.0
18921,51001,2020,13641.0
18922,51003,2020,42381.0
18923,51005,2020,6529.0
18924,51007,2020,5034.0
18925,51009,2020,12161.0
18926,51011,2020,6158.0
18927,51013,2020,108604.0
18928,51015,2020,30165.0
18929,51017,2020,1831.0
18930,51019,2020,31424.0
18931,51021,2020,2326.0
18932,51023,2020,13171.0
18933,51025,2020,6138.0
18934,51027,2020,8270.0
18935,51029,2020,5948.0
18936,51031,2020,23157.0
18937,51033,2020,10978.0
18938,51035,2020,12134.0
18939,51036,2020,2998.0
18940,51037,2020,4836.0
18941,51041,2020,127230.0
18942,51043,2020,5690.0
18943,51045,2020,2219.0
18944,51047,2020,17474.0
18945,51049,2020,4112.0
18946,51051,2020,5727.0
18947,51053,2020,10403.0
18948,51057,2020,4551.0
18949,51059,2020,398653.0
18950,51061,2020,24617.0
18951,51063,2020,6657.0
18952,51065,2020,9967.0
18953,51067,2020,22730.0
18954,51069,2020,32094.0
18955,51071,2020,6715.0
18956,51073,2020,14792.0
18957,51075,2020,8711.0
18958,51077,2020,6388.0
18959,51079,2020,7491.0
18960,51081,2020,3441.0
18961,51083,2020,14155.0
18962,51085,2020,39226.0
18963,51087,2020,130434.0
18964,51089,2020,21012.0
18965,51091,2020,987.0
18966,51093,2020,14611.0
18967,51095,2020,29681.0
18968,51097,2020,2816.0
18969,51099,2020,9387.0
18970,51101,2020,6393.0
18971,51103,2020,5287.0
18972,51105,2020,8843.0
18973,51107,2020,132565.0
18974,51109,2020,14383.0
18975,51111,2020,4472.0
18976,51113,2020,5098.0
18977,51115,2020,3881.0
18978,51117,2020,12371.0
18979,51119,2020,4764.0
18980,51121,2020,35388.0
18981,51125,2020,6398.0
18982,51127,2020,8117.0
18983,51131,2020,5151.0
18984,51133,2020,5686.0
18985,51135,2020,5568.0
18986,51137,2020,13926.0
18987,51139,2020,9413.0
18988,51141,2020,7830.0
18989,51143,2020,26205.0
18990,51145,2020,10392.0
18991,51147,2020,7394.0
18992,51149,2020,11763.0
18993,51153,2020,144159.0
18994,51155,2020,14666.0
18995,51157,2020,2827.0
18996,51159,2020,2939.0
18997,51161,2020,38234.0
18998,51163,2020,9301.0
18999,51165,2020,31306.0
19000,51167,2020,10975.0
19001,51169,2020,8710.0
19002,51171,2020,17541.0
19003,51173,2020,12694.0
19004,51175,2020,6618.0
19005,51177,2020,45463.0
19006,51179,2020,48160.0
19007,51181,2020,2794.0
19008,51183,2020,3792.0
19009,51185,2020,16371.0
19010,51187,2020,14641.0
19011,51191,2020,22104.0
19012,51193,2020,7910.0
19013,51195,2020,14916.0
19014,51197,2020,12393.0
19015,51199,2020,25517.0
19016,51510,2020,71289.0
19017,51520,2020,7482.0
19018,51530,2020,2509.0
19019,51540,2020,18814.0
19020,51550,2020,86524.0
19021,51570,2020,7094.0
19022,51580,2020,2382.0
19023,51590,2020,18266.0
19024,51595,2020,2076.0
19025,51600,2020,8751.0
19026,51610,2020,5631.0
19027,51620,2020,3516.0
19028,51630,2020,11059.0
19029,51640,2020,2614.0
19030,51650,2020,54847.0
19031,51660,2020,16751.0
19032,51670,2020,9362.0
19033,51678,2020,2066.0
19034,51680,2020,28223.0
19035,51683,2020,13066.0
19036,51685,2020,4596.0
19037,51690,2020,5597.0
19038,51700,2020,70376.0
19039,51710,2020,89398.0
19040,51720,2020,1877.0
19041,51730,2020,13231.0
19042,51735,2020,4632.0
19043,51740,2020,36650.0
19044,51750,2020,5677.0
19045,51760,2020,91005.0
19046,51770,2020,41694.0
19047,51775,2020,9876.0
19048,51790,2020,10638.0
19049,51800,2020,34603.0
19050,51810,2020,172452.0
19051,51820,2020,9169.0
19052,51830,2020,4485.0
19053,51840,2020,10669.0
19054,53001,2020,6035.0
19055,53003,2020,9286.0
19056,53005,2020,73073.0
19057,53007,2020,29383.0
19058,53009,2020,33197.0
19059,53011,2020,178478.0
19060,53013,2020,1795.0
19061,53015,2020,42354.0
19062,53017,2020,15435.0
19063,53019,2020,3175.0
19064,53021,2020,27263.0
19065,53023,2020,986.0
19066,53025,2020,31908.0
19067,53027,2020,29433.0
19068,53029,2020,35326.0
19069,53031,2020,15051.0
19070,53033,2020,900061.0
19071,53035,2020,105758.0
19072,53037,2020,19162.0
19073,53039,2020,9268.0
19074,53041,2020,31118.0
19075,53043,2020,4628.0
19076,53045,2020,25242.0
19077,53047,2020,17884.0
19078,53049,2020,9714.0
19079,53051,2020,5798.0
19080,53053,2020,330999.0
19081,53055,2020,8459.0
19082,53057,2020,49263.0
19083,53059,2020,4866.0
19084,53061,2020,298815.0
19085,53063,2020,206502.0
19086,53065,2020,17883.0
19087,53067,2020,112323.0
19088,53069,2020,1900.0
19089,53071,2020,22773.0
19090,53073,2020,88978.0
19091,53075,2020,18485.0
19092,53077,2020,83765.0
19093,54001,2020,6484.0
19094,54003,2020,45702.0
19095,54005,2020,8691.0
19096,54007,2020,5341.0
19097,54009,2020,9792.0
19098,54011,2020,39296.0
19099,54013,2020,2814.0
19100,54015,2020,3385.0
19101,54017,2020,2623.0
19102,54019,2020,17388.0
19103,54021,2020,2516.0
19104,54023,2020,4842.0
19105,54025,2020,15436.0
19106,54027,2020,9165.0
19107,54029,2020,12676.0
19108,54031,2020,5933.0
19109,54033,2020,27213.0
19110,54035,2020,11427.0
19111,54037,2020,20957.0
19112,54039,2020,78137.0
19113,54041,2020,6472.0
19114,54043,2020,8295.0
19115,54045,2020,14164.0
19116,54047,2020,7431.0
19117,54049,2020,23033.0
19118,54051,2020,12350.0
19119,54053,2020,10593.0
19120,54055,2020,25088.0
19121,54057,2020,10810.0
19122,54059,2020,10174.0
19123,54061,2020,40233.0
19124,54063,2020,5496.0
19125,54065,2020,7485.0
19126,54067,2020,10280.0
19127,54069,2020,17254.0
19128,54071,2020,3194.0
19129,54073,2020,2822.0
19130,54075,2020,3578.0
19131,54077,2020,12430.0
19132,54079,2020,21694.0
19133,54081,2020,31116.0
19134,54083,2020,10977.0
19135,54085,2020,4161.0
19136,54087,2020,5599.0
19137,54089,2020,5617.0
19138,54091,2020,6649.0
19139,54093,2020,3176.0
19140,54095,2020,3402.0
19141,54097,2020,9592.0
19142,54099,2020,15228.0
19143,54101,2020,3582.0
19144,54103,2020,6022.0
19145,54105,2020,2557.0
19146,54107,2020,35189.0
19147,54109,2020,8674.0
19148,55001,2020,9111.0
19149,55003,2020,6483.0
19150,55005,2020,19059.0
19151,55007,2020,7110.0
19152,55009,2020,106031.0
19153,55011,2020,5751.0
19154,55013,2020,7242.0
19155,55015,2020,19951.0
19156,55017,2020,26044.0
19157,55019,2020,12914.0
19158,55021,2020,24336.0
19159,55023,2020,6676.0
19160,55025,2020,226600.0
19161,55027,2020,35007.0
19162,55029,2020,13429.0
19163,55031,2020,18994.0
19164,55033,2020,17124.0
19165,55035,2020,41602.0
19166,55037,2020,2038.0
19167,55039,2020,41890.0
19168,55041,2020,3929.0
19169,55043,2020,19655.0
19170,55045,2020,15240.0
19171,55047,2020,8024.0
19172,55049,2020,9811.0
19173,55051,2020,2859.0
19174,55053,2020,8246.0
19175,55055,2020,33349.0
19176,55057,2020,10779.0
19177,55059,2020,64595.0
19178,55061,2020,8249.0
19179,55063,2020,48105.0
19180,55065,2020,6777.0
19181,55067,2020,8539.0
19182,55069,2020,12654.0
19183,55071,2020,34435.0
19184,55073,2020,55998.0
19185,55075,2020,18869.0
19186,55077,2020,6770.0
19187,55078,2020,1400.0
19188,55079,2020,383703.0
19189,55081,2020,18025.0
19190,55083,2020,16283.0
19191,55085,2020,15677.0
19192,55087,2020,74597.0
19193,55089,2020,36166.0
19194,55091,2020,3127.0
19195,55093,2020,15856.0
19196,55095,2020,18647.0
19197,55097,2020,28912.0
19198,55099,2020,6676.0
19199,55101,2020,77648.0
19200,55103,2020,7580.0
19201,55105,2020,65237.0
19202,55107,2020,6414.0
19203,55109,2020,34683.0
19204,55111,2020,26751.0
19205,55113,2020,7893.0
19206,55115,2020,17153.0
19207,55117,2020,47754.0
19208,55119,2020,8623.0
19209,55121,2020,12143.0
19210,55123,2020,12146.0
19211,55125,2020,10917.0
19212,55127,2020,41414.0
19213,55129,2020,7290.0
19214,55131,2020,54787.0
19215,55133,2020,159780.0
19216,55135,2020,22486.0
19217,55137,2020,10053.0
19218,55139,2020,71132.0
19219,55141,2020,32707.0
19220,56001,2020,16137.0
19221,56003,2020,4408.0
19222,56005,2020,17506.0
19223,56007,2020,6226.0
19224,56009,2020,5461.0
19225,56011,2020,2826.0
19226,56013,2020,14834.0
19227,56015,2020,5234.0
19228,56017,2020,2187.0
19229,56019,2020,3961.0
19230,56021,2020,40202.0
19231,56023,2020,7348.0
19232,56025,2020,32896.0
19233,56027,2020,900.0
19234,56029,2020,12575.0
19235,56031,2020,3846.0
19236,56033,2020,13294.0
19237,56035,2020,3529.0
19238,56037,2020,15726.0
19239,56039,2020,10027.0
19240,56041,2020,7789.0
19241,56043,2020,3437.0
19242,56045,2020,2882.0
19243,72001,2020,5810.0
19244,72003,2020,13005.0
19245,72005,2020,21774.0
19246,72007,2020,8629.0
19247,72009,2020,8795.0
19248,72011,2020,8866.0
19249,72013,2020,32405.0
19250,72015,2020,6070.0
19251,72017,2020,8152.0
19252,72019,2020,8829.0
19253,72021,2020,67487.0
19254,72023,2020,16211.0
19255,72025,2020,48446.0
19256,72027,2020,11349.0
19257,72029,2020,14705.0
19258,72031,2020,61898.0
19259,72033,2020,8773.0
19260,72035,2020,16233.0
19261,72037,2020,4261.0
19262,72039,2020,5813.0
19263,72041,2020,13054.0
19264,72043,2020,13199.0
19265,72045,2020,5264.0
19266,72047,2020,10765.0
19267,72049,2020,514.0
19268,72051,2020,11842.0
19269,72053,2020,12412.0
19270,72054,2020,4268.0
19271,72055,2020,5623.0
19272,72057,2020,14215.0
19273,72059,2020,6539.0
19274,72061,2020,31465.0
19275,72063,2020,14675.0
19276,72065,2020,13914.0
19277,72067,2020,6291.0
19278,72069,2020,17816.0
19279,72071,2020,15159.0
19280,72073,2020,5017.0
19281,72075,2020,15479.0
19282,72077,2020,13025.0
19283,72079,2020,7933.0
19284,72081,2020,10119.0
19285,72083,2020,2725.0
19286,72085,2020,12143.0
19287,72087,2020,8734.0
19288,72089,2020,6660.0
19289,72091,2020,14815.0
19290,72093,2020,1873.0
19291,72095,2020,3893.0
19292,72097,2020,29542.0
19293,72099,2020,13482.0
19294,72101,2020,9691.0
19295,72103,2020,8276.0
19296,72105,2020,8453.0
19297,72107,2020,6924.0
19298,72109,2020,6101.0
19299,72111,2020,6855.0
19300,72113,2020,52439.0
19301,72115,2020,8229.0
19302,72117,2020,5430.0
19303,72119,2020,15584.0
19304,72121,2020,7063.0
19305,72123,2020,9973.0
19306,72125,2020,11550.0
19307,72127,2020,145066.0
19308,72129,2020,13676.0
19309,72131,2020,13740.0
19310,72133,2020,7368.0
19311,72135,2020,22413.0
19312,72137,2020,27915.0
19313,72139,2020,23805.0
19314,72141,2020,10087.0
19315,72143,2020,12124.0
19316,72145,2020,19343.0
19317,72147,2020,2405.0
19318,72149,2020,7932.0
19319,72151,2020,11687.0
19320,72153,2020,11654.0
